motion_coherence,reaction_time,correct,prior_std,raw_response_time
0.12,1.71561100000145,0,10,263.873527000002
0.12,1.61279900000045,1,20,339.602631000002
0.24,1.05855800001882,0,20,363.798655999999
0.06,1.01440900000125,1,20,583.970689000002
0.06,1.03369799999928,1,10,632.977531
0.06,1.17034599999897,1,20,277.638758999994
0.12,0.925489000015659,1,10,31.2029289999919
0.06,1.16572699999961,1,10,372.669242000004
0.24,3.06590300000971,1,40,48.8108940000093
0.06,1.48688299999958,1,80,384.590872999999
0.12,1.36664700000256,1,80,354.730362000002
0.06,1.24862800000119,0,80,539.683890999993
0.12,1.52216799999587,0,80,276.540127999993
0.12,1.9547360000015,1,80,112.607023
0.12,2.12223600000107,0,80,378.321879000001
0.12,1.02857700000459,0,40,401.953866000011
0.06,1.96290500000759,0,80,69.2982520000078
0.06,0.955042000001413,1,40,478.977855999998
0.06,1.25125800000023,0,20,611.234673000001
0.06,1.44121700001415,0,40,330.738791000011
0.06,0.898572000005515,1,10,319.253393000006
0.12,1.59969300000193,0,80,352.43914
0.24,1.23641100001987,1,10,441.698719000007
0.12,1.11090100000729,0,20,252.462585000001
0.06,1.85267500000009,0,80,585.682816
0.12,1.80353800000739,1,10,264.970700000005
0.12,1.04931499999657,0,40,44.2188230000029
0.24,1.03000000001339,1,10,469.157405000005
0.06,1.63086700000167,1,20,293.542213000001
0.12,2.45964200000162,1,80,385.452074000001
0.06,0.754118000011658,0,40,151.33900800001
0.06,1.88228000000163,1,40,215.820992000001
0.24,1.9038070000006,0,40,301.557246
0.12,1.83870700001717,1,40,385.642656000011
0.06,1.20660300001327,1,40,16.0347750000074
0.06,0.858363000006648,1,40,500.553887000002
0.12,1.22231199999987,1,80,507.215004
0.12,1.25022200000058,0,80,224.122010000001
0.12,1.22389000000112,0,80,396.8253
0.06,1.66301200000089,1,10,54.8175600000013
0.06,1.26351900000009,0,10,651.757503000001
0.06,2.0665910000007,0,40,441.589255000001
0.06,1.74088200000187,0,40,563.061278000001
0.06,1.76720600000044,1,80,406.983145
0.24,1.49720900002285,0,20,17.9026550000126
0.06,0.872161999999662,1,40,120.041811000003
0.24,1.04662400000961,0,10,289.130944000004
0.24,0.983445999998366,0,80,450.202395
0.12,1.26763900000151,0,80,96.3772710000012
0.12,2.01683500000036,0,40,409.789244
0.24,0.916283000002295,1,20,336.474661000002
0.12,1.21872199999052,0,10,159.106820999994
0.06,1.69023200000811,1,10,242.029187000007
0.06,1.32761199999368,0,10,39.850895999989
0.06,1.80471200000102,0,80,465.04927
0.06,1.37600900000143,1,10,563.985705000001
0.06,2.33586300000024,1,80,97.1058990000001
0.12,2.1130430000012,0,40,537.917184
0.06,0.962243000016315,1,20,329.790674999997
0.12,0.819745999993756,0,80,267.452182999987
0.24,0.985675000003539,0,20,312.014588999999
0.12,1.70782700000564,0,10,332.378895000002
0.12,1.40523199999006,1,10,102.570837999985
0.12,0.824638000001869,1,20,341.946569000002
0.12,1.17700400000103,0,80,310.578998000001
0.06,0.963759000005666,0,10,369.981444999998
0.06,2.38707000000068,0,80,26.0811289999983
0.06,2.02826099999947,0,40,334.290781000003
0.06,2.16307500000403,1,80,369.722377000013
0.06,1.49560300000121,1,20,312.978591000001
0.12,1.72007399999893,1,80,255.881740999999
0.06,2.01133400000072,1,20,59.9624500000009
0.12,1.09631799999988,1,40,387.805187
0.06,2.46657700001379,1,40,89.3709190000081
0.12,1.76270700000168,0,80,411.713258
0.06,1.43466799999806,1,80,188.513009999999
0.06,1.52974200001336,1,10,499.762726999994
0.24,0.86679600001662,0,40,253.017698000011
0.06,1.85820700000113,1,80,76.9629170000007
0.06,0.91775800002506,0,80,224.524160000001
0.06,2.08214899999984,1,20,326.078312
0.06,1.09607400000095,1,20,396.070274
0.12,0.950754000004963,0,80,551.066320000013
0.12,1.85301000000072,1,20,476.510167
0.06,1.87616900000103,0,80,528.842053
0.06,1.56921500000135,1,10,13.5775020000019
0.24,1.15247799999997,1,10,26.5693320000009
0.06,1.29133600002388,0,80,558.604164999997
0.06,1.22986599999422,1,10,412.365225999994
0.24,1.23272999999972,0,80,345.602059999999
0.06,3.13537100001122,1,10,4.44262399998843
0.06,0.962068999999246,1,40,568.237211
0.06,2.22666900002514,1,80,417.244030000002
0.12,0.586472000000867,0,80,274.078862
0.12,1.76396000000022,0,80,609.961070999998
0.06,1.04582100000152,1,20,334.042570000001
0.24,1.21997600000032,0,80,305.513115999998
0.06,1.46586000000025,1,20,108.978607000001
0.24,1.22684600000503,0,10,12.6291760000022
0.06,0.743329000004451,0,40,549.873866000009
0.12,1.31210500000088,0,80,540.945997000001
0.24,1.94527600000038,0,80,154.08193
0.06,0.966899000000922,1,20,34.6221519999999
0.24,1.88737799999944,1,40,277.125155
0.12,1.37882000001264,0,40,257.202786000009
0.24,0.956210000003921,0,40,512.370802999998
0.06,3.52018700000008,1,20,216.930626000001
0.06,1.35158399998909,0,10,450.618752999988
0.06,2.3629800000017,1,20,231.502211000001
0.06,2.84310900000128,1,80,347.155039000001
0.06,1.90573800000129,1,80,323.734990000001
0.24,2.06681300000128,0,20,199.590281000001
0.12,0.909795000014128,1,20,29.3744650000008
0.06,2.68106899999839,0,80,198.585051999999
0.12,1.34644500000286,1,80,85.8120219999983
0.24,1.15185399999609,1,10,500.605414999998
0.06,1.25521299999673,0,20,413.190688000002
0.06,1.33602299999984,1,20,186.658551
0.12,1.61126800000056,1,20,345.074636000001
0.06,1.26342699999987,1,20,363.178627000001
0.06,1.80792399999336,1,40,593.345656999998
0.06,1.39123300003121,1,80,252.620139000006
0.06,1.84269900000072,1,80,426.354126000006
0.06,1.37841900000058,1,80,339.994022000001
0.06,0.726346000010381,0,10,344.517386000007
0.12,1.26004400000056,0,80,626.618857000001
0.12,1.07047600000806,0,40,136.681860000012
0.24,1.83251100001507,0,40,197.01077600001
0.06,0.902348999999958,1,40,588.269262
0.06,2.52678700000979,1,20,117.502795000008
0.06,1.29357999999957,0,10,341.761527000001
0.12,2.34770700000081,1,10,671.865514000001
0.06,1.14466800000082,1,10,152.321653000001
0.06,1.35716000001412,1,80,365.372150999989
0.06,1.67409300000872,1,10,33.5812000000005
0.06,1.0562440000067,1,40,178.554876000009
0.06,0.815385000008973,0,80,146.346220000007
0.06,0.831867000000784,1,80,593.434318
0.06,1.76121200001216,0,40,552.138826000009
0.12,1.19285900000068,1,20,44.0622160000003
0.06,1.43489699999918,1,40,302.531080000001
0.06,1.57035600000199,0,40,397.525218000001
0.12,0.980687000001126,1,80,6.55383400000028
0.24,2.80161000000044,0,40,264.981161
0.06,1.23401499999454,1,10,427.493396999998
0.06,1.23141300000134,1,10,267.72284599999
0.24,1.89918700000271,0,80,219.506225000005
0.12,2.36507100000017,1,20,439.978645000001
0.12,0.938261000002967,1,10,462.237395000004
0.12,3.34106600000086,1,80,93.2580120000002
0.06,1.77905800001463,0,40,170.363017000011
0.24,1.22367000000668,1,80,435.388199000008
0.06,1.05813800000033,1,20,91.2861319999993
0.12,1.39397099999769,0,40,55.3057390000031
0.12,0.692335000014282,0,40,446.889797000011
0.06,1.03314200000023,0,20,528.190701999993
0.12,1.22688899999775,1,10,24.3091799999966
0.06,1.42322599999898,0,40,262.089586000002
0.06,0.845274999999674,1,20,350.602651000001
0.06,2.39912400000321,1,40,534.098824000001
0.06,2.09207500000048,1,20,325.282514
0.24,1.05990400000155,0,80,472.050005000001
0.12,1.48606100000143,1,10,93.5854590000017
0.06,1.67204599999968,0,80,368.825922
0.12,0.954422000009799,1,20,192.598541999992
0.06,2.10522299999138,1,10,272.053197999994
0.06,1.37966100001358,0,10,73.7547930000001
0.06,1.36017700000048,0,80,233.457966
0.06,1.91982800001279,1,80,381.468082000007
0.06,2.15047500000219,1,80,639.236210999981
0.24,0.862384000007296,0,40,106.265706000006
0.06,1.04808600000979,1,40,455.370791000008
0.12,1.43187500000022,0,80,197.298971
0.06,1.11555800000497,1,40,265.355007000006
0.12,1.01465000000098,0,20,97.2503620000007
0.06,1.17596800000138,1,80,182.018788000001
0.12,1.31086299999151,1,10,329.146861999994
0.12,1.3181250000016,0,80,324.673951000001
0.12,1.95662300000004,0,20,178.686023
0.12,1.7275410000002,0,80,585.207144
0.06,1.35791099999915,0,80,378.017215
0.06,1.62577300000703,1,40,293.907116000002
0.06,2.15777499999967,1,80,273.492069
0.06,1.47724600002402,0,10,194.674658000004
0.06,1.39304700000139,0,80,645.953313999998
0.24,1.3495640000001,0,80,6.2349520000007
0.06,1.05806900000061,0,20,118.998337000001
0.12,0.723738000000594,0,20,272.190612000006
0.06,1.15498099999968,0,10,18.4771739999996
0.06,1.64798000000155,1,10,470.057541000002
0.06,0.824303000001237,1,80,185.561260999999
0.06,1.51498900000115,0,80,268.239003000001
0.06,1.83444400000189,0,40,55.7409910000006
0.06,2.41734499999438,0,10,186.250853999984
0.06,1.85430000000633,1,10,410.850709999999
0.12,0.81401200000073,0,80,194.782981
0.12,1.52958800000488,1,80,623.082326000003
0.24,0.988934999999401,1,20,200.570551000001
0.12,0.913034999999581,0,10,546.041558000001
0.12,1.37753100000009,0,80,619.767076
0.24,0.852837000000363,0,80,637.471093
0.12,1.96130400000038,0,80,686.218966
0.06,1.49925000000803,0,10,481.925495000003
0.24,0.943708000006154,0,10,253.541448999997
0.12,1.10119700001087,0,80,265.108088000008
0.12,1.8027200000015,1,10,149.657609000002
0.06,2.40111100000104,1,10,143.161563000001
0.12,1.65039699999943,0,80,615.681814
0.12,1.83887499999946,0,80,532.211105
0.12,1.4828350000007,1,20,485.334241
0.06,1.19517799999994,1,80,520.107019000001
0.12,2.18501500000093,0,20,549.458518000001
0.12,1.46632599999975,0,20,604.822346999999
0.06,1.27387800000179,1,80,729.378092000001
0.12,1.90576800000053,1,20,152.350205000001
0.06,1.60006099999919,0,80,381.442048999999
0.12,1.75412900000811,0,80,246.524142999988
0.24,1.23099100000036,0,80,260.305176999998
0.06,1.23534300000756,1,10,533.053264000002
0.06,0.729208999999173,1,20,80.7144900000003
0.06,1.18623699999989,1,80,248.913791999999
0.06,1.42689700000119,0,80,470.865319
0.06,1.49634900000092,1,80,609.943082
0.06,1.28177800000412,0,80,126.138223000002
0.06,2.08924800000023,0,20,125.510201999999
0.06,1.15624600000046,1,80,13.8868289999991
0.24,1.48987299999862,0,10,361.213524999999
0.06,1.83200600001146,1,10,490.930659000005
0.12,1.31773400001111,0,10,493.770695999992
0.06,1.07438100001309,1,20,445.174628000008
0.06,1.60922099999152,1,20,349.614679999999
0.06,1.20219100000031,0,80,79.6811339999986
0.06,1.51375200002803,1,80,625.412121000001
0.12,1.2663440000033,0,80,643.034378000011
0.06,1.6580699999995,1,80,498.247074999999
0.12,2.52265699999953,0,80,626.342930999999
0.12,1.66364600000088,1,20,560.794613000002
0.06,1.85381000000052,1,10,251.077447999996
0.12,1.26657700000214,1,10,603.490870999987
0.06,1.39122400002088,1,20,85.2706440000038
0.12,1.73829100001603,0,80,140.580279999995
0.06,1.56943000000319,1,10,606.579005999985
0.24,1.33370500000092,0,80,522.545266000001
0.24,1.03813300000184,0,80,665.801291
0.12,2.07103800002369,1,80,172.908127000002
0.06,0.634902999998303,0,10,338.925474999996
0.06,2.42289200000232,0,80,159.323879999982
0.06,1.93494700000156,0,80,142.935030000001
0.06,2.29768999999942,1,20,444.710335
0.12,1.4432369999995,1,10,129.545511
0.12,1.9292650000134,0,20,547.694764000014
0.24,1.17440200000055,0,80,606.450129999999
0.12,1.68223499998567,1,10,536.282734999986
0.12,1.2871800000139,1,40,224.537806000008
0.12,1.40916300000026,1,80,569.575083
0.24,1.24209100000007,0,80,632.759178
0.06,1.3240480000004,0,80,337.097932000001
0.06,0.956829000002472,0,80,128.618352000005
0.06,1.64693500001158,0,80,59.6583020000107
0.06,1.51905200000328,1,40,181.833584000007
0.06,1.66007800000079,1,20,183.810506000002
0.06,0.699834000000919,1,80,616.863160000001
0.06,1.17631299999994,1,10,368.601356000001
0.06,1.22383000000264,1,80,189.900158999983
0.06,1.4945519999892,1,80,493.220097999991
0.12,1.30654700000196,1,20,517.502356000001
0.06,1.29075000000012,1,40,68.409811000005
0.12,1.05321300000651,0,80,175.484128999989
0.12,1.54296200000135,1,20,426.858696000001
0.06,1.79757100000279,1,80,477.780185999989
0.06,1.46241100000043,1,40,65.1251420000008
0.06,1.29476400000021,1,80,144.162963000001
0.06,1.44261400000141,1,20,151.482547000001
0.06,1.19399400000111,1,40,418.201757000003
0.06,0.765665000000809,1,80,525.449966
0.06,2.20783200000005,0,80,71.9218860000001
0.12,1.8160420000022,0,20,168.066369000002
0.06,1.81466000000364,1,80,487.770365000004
0.24,1.53995600000053,0,10,466.897559000001
0.12,1.30610900000102,1,80,684.801851
0.12,1.4015800000052,1,40,443.794802000004
0.24,0.713441000001694,0,80,11.4587660000016
0.06,2.06392600000072,1,40,423.765187999999
0.12,0.986904999997932,1,10,176.394804999989
0.06,1.31396800001676,0,80,340.362312000012
0.06,1.16543900000033,1,80,688.907021000001
0.12,1.58896300000197,1,40,352.81882700001
0.12,1.38590500000282,0,10,393.850714
0.12,1.66455200000019,1,10,146.337514000001
0.12,1.98571600000105,0,80,457.345870000001
0.06,1.26405599999998,0,10,574.141313
0.06,3.22852000000057,1,40,414.53318
0.06,1.34847300000547,0,80,564.042395000011
0.12,1.16864600000554,0,40,337.105703000008
0.06,1.82197700000324,1,80,353.465325000001
0.06,1.62606899999082,0,10,588.506729999994
0.06,1.25629200000003,0,80,229.986981
0.06,2.49350300000515,0,80,573.922401000003
0.12,1.84080099999846,1,10,646.045492999998
0.06,0.889251999993576,1,40,204.483017999999
0.06,1.63209199999983,1,40,251.106991000008
0.12,1.75530600000639,0,40,71.6895650000079
0.12,1.82477300000028,1,40,191.193754000007
0.12,1.1564870000002,1,20,53.150708000001
0.06,1.18236099999922,1,40,470.649908000007
0.24,1.26889499999743,0,80,473.649301999998
0.06,1.15487700000813,0,80,291.826280000008
0.06,1.26907099998789,1,80,401.252199999988
0.12,1.22172200000023,0,80,641.529912
0.06,1.79516400001012,0,10,42.4771820000024
0.12,0.642363000000842,0,80,542.315118
0.12,1.40459000000556,0,10,648.973566000001
0.12,0.973296000011032,0,80,564.116110000003
0.12,2.06276500000058,1,80,245.406987
0.06,0.876546999999846,0,80,169.250932000001
0.06,1.76508500000091,0,20,386.806342
0.06,1.72958000000108,1,80,46.535022
0.12,0.942296000022907,0,20,230.830614000006
0.24,2.32271100000071,0,80,428.183118000001
0.06,1.403255000012,1,20,321.446633000014
0.12,2.12112999999954,1,80,140.514353999999
0.06,2.18930300002103,1,20,420.134503000008
0.06,2.03462900000159,1,20,41.3501350000006
0.12,0.967376000000513,0,10,59.7055000000018
0.06,2.38068100000964,0,80,316.092191000003
0.06,1.38559400000668,1,40,397.129842000009
0.06,2.00863800000116,0,80,172.778910000001
0.12,1.51349300000038,1,80,180.119037
0.06,1.07653600000776,1,80,569.580109999981
0.12,0.883184000005713,1,20,68.3906840000127
0.12,1.01808100001654,0,20,340.278473000013
0.12,1.68184900000051,0,80,313.779111000002
0.12,2.19168300000092,0,20,78.4746000000014
0.12,0.873274999999921,0,80,355.747094
0.12,0.920217000000775,0,10,99.3135050000019
0.06,1.19246900000144,1,10,388.189398999995
0.06,2.23983600000065,0,80,153.84295
0.06,2.04325500002597,1,10,53.1149110000115
0.06,0.92139600000155,1,80,450.737294999999
0.12,1.58185299999968,0,10,166.297592000001
0.06,1.87341400003061,1,20,433.694691000012
0.06,1.63387499999953,0,80,525.697197999998
0.12,0.940917000029003,1,10,404.466725000006
0.06,3.17732800000522,1,40,370.80984300001
0.06,1.67492700000003,1,40,522.833620000005
0.06,1.82562400000097,1,80,118.807031
0.12,1.31470699999954,0,20,486.45858
0.06,2.69546000000264,1,80,216.761061000001
0.06,0.737691000000268,1,20,459.474584000001
0.06,1.20456199999899,0,80,325.458293000003
0.06,1.3888200000074,1,40,34.9056870000059
0.06,1.46625700002187,1,80,13.5561410000082
0.06,1.77832200000012,1,80,575.995086000001
0.06,1.34743799999706,1,20,405.286666
0.06,1.70540500000061,1,20,410.730586000001
0.06,1.44242500000109,0,80,609.410008000001
0.06,1.03769500000635,1,80,544.604170000006
0.06,2.57351600000038,1,10,45.4414540000016
0.06,1.52780700000039,0,80,466.274003
0.06,1.38354299999992,0,80,660.873987999999
0.06,1.45481000000109,1,40,550.357276000001
0.06,2.10554200000115,0,80,50.0269600000011
0.12,1.16431999998167,0,10,276.250876999984
0.06,0.867406000004848,1,40,10.2257970000064
0.06,1.28546400001505,0,40,175.978899000009
0.24,2.62880099999893,0,40,92.0495640000008
0.12,1.15311099999963,0,40,295.493149
0.24,1.08287800000107,0,80,178.385025
0.12,1.87914400000045,0,20,425.374287000001
0.06,1.6203260000002,1,20,296.686258
0.12,1.70610800000213,0,20,188.478161000001
0.12,2.62397400000191,0,40,371.962786000004
0.12,1.19414300000062,0,80,548.594309000007
0.06,3.15008400000079,1,40,650.445244
0.06,2.30487999999968,0,80,223.905234999998
0.24,1.49118799999997,0,80,250.809140999998
0.24,2.26480100001208,0,20,187.030742000003
0.06,1.73047800000131,1,80,8.67106000000058
0.24,1.60138100001495,1,10,93.4828529999941
0.12,1.29671200000303,0,80,430.289279000001
0.24,1.58333799999673,0,10,56.2188089999836
0.06,1.26410299999407,1,80,129.644047999987
0.06,1.42582899999979,1,80,91.7030759999998
0.06,2.19654000000446,1,40,71.7307360000123
0.06,2.29794600000059,0,80,53.8430430000008
0.06,0.946466999999757,1,10,205.377586000001
0.06,1.67416100000082,1,10,648.577578
0.06,1.38476700000137,1,80,599.519178
0.24,1.55967800000508,1,10,265.837412000008
0.12,2.26611199999934,0,80,505.395016
0.06,1.8820270000142,1,10,644.626772999996
0.24,1.64931100000103,1,10,7.23350100000062
0.06,1.483137000032,0,10,407.474714000011
0.06,1.08817800000543,0,80,227.450167000003
0.12,1.36393200000748,0,20,289.262671000004
0.06,0.726149000009173,0,40,367.81880400001
0.06,1.67713399999957,0,80,490.331075
0.06,1.43529600000329,0,80,159.665259000001
0.06,2.06029900000067,1,80,31.9227620000001
0.06,1.25534499999776,1,40,117.649751000004
0.24,1.16642400002456,0,20,295.134714000014
0.24,2.10558000003221,1,20,484.030747000012
0.06,1.32860500001698,0,20,309.502485000005
0.06,1.97829900000033,0,80,309.514019
0.06,1.00142100000085,1,80,59.0180080000009
0.06,2.01297100000011,1,10,450.009501
0.12,1.15317600002163,1,80,303.604086000007
0.06,1.06347000000096,0,40,642.845216
0.12,1.85506099999839,0,80,279.161028999999
0.12,1.41164999999455,0,10,333.293212999997
0.06,0.623342000006232,0,10,418.354720000003
0.06,0.944728000002215,0,20,239.278646999999
0.06,1.7913050000061,1,10,547.405482000002
0.24,2.26087299999199,1,10,551.189379999996
0.12,1.38627300000007,1,20,121.902257
0.06,1.00219700002344,0,10,188.778935000009
0.24,2.08484900000076,1,40,137.173244
0.12,1.86491800000113,1,10,403.281635000001
0.06,0.826817999999548,1,80,628.970851
0.06,1.11977000000115,0,40,382.285249
0.06,1.21935800000028,0,80,468.239071
0.12,1.74823999999899,1,20,622.574221999999
0.06,1.80043800000203,1,80,230.586005000001
0.06,0.730190000031143,0,10,281.62683600001
0.06,1.98238800000217,1,40,222.445267000001
0.12,1.66623299999628,1,20,110.662475999998
0.06,1.67300299999988,1,10,239.705582000001
0.24,1.32441900000049,0,80,332.578839000002
0.06,1.30758799999603,1,40,388.865906999999
0.24,1.79730700002983,0,80,22.6921220000077
0.06,1.89796300000125,0,80,658.991045000001
0.06,1.65911900000174,0,20,29.5341910000006
0.06,2.08544900000561,1,10,597.850971999986
0.06,1.98095400000057,1,20,303.206289
0.06,2.0055330000032,0,40,440.874806000007
0.06,1.65674900000158,0,20,198.066380000002
0.12,1.5292599999957,0,10,660.069373999999
0.24,1.49564099999952,0,80,147.179032
0.24,1.46968600000037,0,80,529.334922
0.12,1.71965800001635,1,20,318.518716999999
0.06,1.99324100001832,0,10,179.906866000005
0.12,1.40034800000103,0,80,697.514091000001
0.06,1.32975400000578,1,80,77.2200479999883
0.12,1.84025000000111,0,80,623.834854000001
0.12,1.9134580000009,0,10,113.985603000001
0.06,1.91484300000593,0,40,325.113837000012
0.06,1.06634699999995,1,80,464.882938000001
0.12,1.41287299999931,1,10,236.513525
0.12,1.38389300000563,1,40,100.617802000008
0.06,1.31145500000093,0,80,632.874059
0.12,1.42887600000176,0,80,709.009995
0.12,1.91436599999724,1,80,502.954243
0.06,1.06200400000671,1,10,143.38685499999
0.06,1.77898700000151,0,80,637.153387999999
0.24,1.28894199999922,0,80,236.266107000003
0.24,0.687466999996104,0,80,148.554411000005
0.06,1.30009700001392,0,10,244.853436000005
0.24,1.42967100000169,0,10,269.921537000002
0.06,1.37294199999997,1,10,223.825527000001
0.24,1.01069699999971,0,20,442.506644000001
0.06,1.28380000000107,0,40,604.90121
0.06,1.78722200001357,0,10,156.37090400001
0.06,1.70245400001295,0,20,541.31852500001
0.06,0.880025999998907,1,80,505.881240999999
0.06,1.78853999999956,1,40,171.909283999999
0.12,1.33008400001563,1,10,626.554908999999
0.24,1.4218600000022,0,10,233.245316
0.12,1.08842600000207,1,80,308.113288
0.06,1.45302400001674,0,10,351.413475000008
0.06,1.13470599999891,1,80,64.7790150000001
0.06,1.52412200000254,0,10,83.4851840000047
0.06,1.66944299999159,1,20,267.206586999993
0.12,2.50376500000129,1,40,189.245112000001
0.12,1.54759299999932,0,20,598.162592000001
0.06,2.42967900002259,1,80,115.516034
0.06,1.84260699999868,1,10,43.2109319999872
0.06,1.4408970000004,1,20,144.746618000001
0.12,1.18190500000492,0,80,322.730346000011
0.12,2.40395300000091,0,40,193.658936000007
0.06,1.79261300000144,1,80,603.025175999999
0.12,1.90606900000421,0,10,89.6372090000077
0.06,1.1082490000008,0,20,227.622006
0.06,1.44387900001311,0,80,56.4902450000081
0.12,1.29440799999975,0,40,80.4771309999996
0.12,1.83104399999138,1,10,570.642751999985
0.06,1.44402999999875,0,80,76.9611819999991
0.06,2.03492399999959,1,20,165.926318
0.06,1.10159099999873,1,80,387.618214000002
0.24,1.64765699999407,0,80,2.9561049999902
0.12,1.68893100000059,0,10,440.729641000002
0.06,2.14109599999938,0,80,259.511137
0.06,1.8651340000215,0,10,335.770710000012
0.06,1.32259000001068,1,80,569.906318000008
0.24,0.893726000000242,0,80,679.650852000001
0.12,1.45780299999933,1,80,392.898788
0.06,1.3137229999993,0,80,122.658927
0.06,1.3633220000047,1,10,487.669412000003
0.12,1.93156500000077,1,80,150.626012000001
0.06,1.47167300000001,0,80,5.55326399999831
0.06,1.43377800000053,0,20,534.670311
0.12,1.06567200000063,1,20,337.710129999999
0.12,1.5645829999994,0,80,290.031182999999
0.06,2.29969700000947,1,10,510.994737000001
0.12,1.35892200001399,1,20,103.686631999997
0.06,1.73238800000036,0,80,126.841186999998
0.06,1.25878700002795,1,10,170.90668700001
0.12,0.945295000001352,0,80,180.849102
0.06,0.947152000007918,0,20,586.254719999997
0.06,2.1588519999932,1,10,179.925319999995
0.24,1.08542000000125,0,80,455.486886000001
0.06,2.19413099999656,1,80,369.084176999982
0.12,3.12712000000101,0,20,380.102246
0.12,1.3026490000193,0,10,212.658854000008
0.06,2.06938400000217,1,40,81.1778400000039
0.06,1.49717099999543,1,80,567.066122000004
0.06,1.79804300000069,1,80,563.535030999999
0.12,0.887202000012621,1,10,182.314853999997
0.12,1.35997400002088,0,80,586.964168000006
0.06,1.77299700000731,0,80,351.842361000003
0.06,1.18476000000192,1,40,565.757234000001
0.06,1.53236000000106,0,40,620.349313000001
0.06,0.610544999999547,0,20,267.974074
0.12,1.63842400000431,0,80,362.978405000002
0.12,1.01010500002303,0,80,91.0361039999989
0.12,0.88902600000074,1,10,57.2255990000012
0.06,0.833592999988468,1,80,542.044166999985
0.24,1.9222490000102,1,40,300.393773000003
0.12,1.59105100000124,0,80,288.67374
0.06,1.13996700000098,0,80,284.346984000002
0.06,1.25953399999889,1,20,405.198302999999
0.06,0.983415000000605,1,20,203.066631000002
0.12,1.32199300000502,0,40,588.226823000005
0.12,1.54120999999941,0,80,316.843074
0.06,2.17983600000116,1,80,362.194817000001
0.06,1.27145200000086,0,80,585.954055
0.06,1.07140700000127,0,40,288.957243000001
0.06,1.11046499999975,1,10,437.529630000001
0.06,1.54525000000103,1,80,36.8469729999997
0.06,1.59219400000075,1,80,309.695094999999
0.12,1.51767400000244,1,10,306.522807000001
0.24,3.13784600000145,0,80,116.76993
0.06,1.44895499999984,1,80,145.903031
0.06,1.07099200000812,1,80,71.8903430000064
0.12,1.8391690000135,0,40,441.617735000007
0.24,1.1780030000009,1,80,21.7750610000003
0.06,1.34593000001041,1,20,139.142605000001
0.24,2.45086500002071,1,20,535.238710000005
0.24,1.13278100000025,1,20,382.850667000001
0.06,1.15711000000192,0,80,88.7590170000003
0.06,2.48901299999852,1,10,403.701392999996
0.06,2.2259410000006,0,20,448.462045
0.12,2.13645800000086,1,80,606.681192
0.12,1.35435600001074,1,40,413.938804000005
0.06,0.976233999999749,1,80,606.927110999999
0.06,1.33713100000023,0,80,572.698872000001
0.12,1.22721300000558,0,80,423.532122000004
0.24,1.59977300000173,0,80,441.4493
0.06,1.68678100000034,0,80,120.241285
0.12,1.15176300000167,1,10,508.661508000005
0.12,1.92080000000169,0,80,161.439102
0.06,1.67753400001675,0,80,204.299992999993
0.06,1.38886300000013,1,80,304.858330000003
0.06,1.7120640000212,1,20,416.422756000014
0.06,1.60500599999796,0,20,463.494674999994
0.06,1.16395200000079,1,20,503.338710000002
0.12,1.42105600000104,0,80,335.599043
0.12,1.32024900001124,1,10,440.397488000002
0.06,1.47751400000197,0,20,71.4702080000006
0.06,1.28278500000306,1,40,173.171101
0.06,2.11989000000176,0,10,119.989212
0.24,2.18225400000119,0,10,310.609610000001
0.12,1.36271000000124,0,80,535.099090000002
0.12,1.33860699999968,0,80,485.518886
0.06,1.83677300001727,1,40,160.946948000012
0.24,1.91859700001078,0,20,442.574655000004
0.06,1.71064599999954,1,80,684.505318
0.12,0.765260000014678,0,10,538.253412000005
0.24,2.07571899998584,1,10,523.578734999988
0.24,1.2989720000005,0,80,508.20197
0.06,3.11393699998735,0,80,74.3721009999863
0.06,1.61788800000795,0,80,378.930374000003
0.24,1.30441400001291,0,40,449.98683400001
0.06,1.71442000000025,0,80,179.322978
0.06,1.56480600000941,1,40,590.017892000003
0.06,0.833534000004875,1,10,203.514717999991
0.06,1.44286600000123,1,80,355.40691
0.06,1.82703800000127,0,80,49.8869410000007
0.24,2.14601000000039,0,40,608.565239
0.24,1.00376800002414,0,10,399.21869400001
0.12,1.50475399999959,0,80,170.402075
0.06,1.71291200000269,1,80,8.5622260000091
0.06,1.59327000001213,1,80,41.1463480000093
0.06,2.39173999999184,0,80,166.660127999989
0.06,1.71494200000052,1,80,435.483091
0.06,1.17649200000051,1,40,86.6931459999996
0.12,2.27889500001038,1,40,340.730781000006
0.06,1.4476250000007,0,80,507.748110999994
0.06,1.17278800000167,0,20,139.278398
0.06,1.2122939999972,1,80,609.148117999983
0.12,1.13738599999851,0,80,576.113249999999
0.12,1.92134799999985,0,80,557.359041
0.12,1.7465830000001,0,10,641.226903000002
0.06,2.97537100000227,0,10,78.825568000002
0.06,2.16133599999921,0,80,277.971061
0.06,1.39695500000198,1,80,119.681989000001
0.12,1.98376299999654,1,80,24.4263150000043
0.12,1.27533200000471,0,40,469.114811000007
0.12,1.56624700000066,0,20,133.622288
0.12,1.5271660000144,0,10,59.669166000007
0.06,1.74547600001097,1,20,589.518796999997
0.06,1.28848299999663,0,40,426.770789000002
0.06,1.87354600000253,1,80,410.482292000001
0.06,1.27392800000052,0,80,185.878991
0.06,1.19771700000092,0,80,537.819172000001
0.12,0.965101000001596,0,80,325.681188999999
0.12,1.92296900000656,1,40,13.3069890000043
0.06,1.22801400000208,1,80,534.497805000001
0.06,1.43275600000015,1,80,160.633984
0.06,2.46267300000181,1,80,340.457350000001
0.06,2.32163200000105,0,20,192.318159
0.12,1.018102,1,10,575.745568
0.12,1.4252600000018,1,10,226.769650000002
0.06,2.36550700000953,1,40,3.66698200000974
0.06,1.89109700000154,1,20,383.518233000001
0.06,1.17582500000026,1,20,177.362499000001
0.06,1.11814500000037,1,10,223.877292999998
0.12,2.26488099999915,1,20,148.522472000001
0.06,2.54812200000015,0,80,465.494892999999
0.12,1.05884600001446,1,10,268.421251000007
0.06,0.915960000013001,1,80,449.196181000007
0.06,1.87473300000056,0,80,371.563093000001
0.24,0.871815000000424,0,10,391.281587000001
0.06,1.2014720000152,1,40,144.449719000011
0.06,1.24044299998786,0,20,583.782689999993
0.12,1.03793200000655,0,80,44.4041309999884
0.06,2.82685300000048,1,20,544.918167
0.06,1.20575000000099,0,20,114.882559000001
0.06,0.849103000000468,0,20,286.990351
0.24,1.1629990000074,0,80,384.994364000013
0.06,1.01930100000027,1,20,231.530644
0.06,1.82800600000337,1,80,347.057258000001
0.06,1.57654500000353,0,80,421.193167000001
0.12,1.49089399998775,0,10,133.762947999989
0.12,1.43774400000075,0,40,583.341267
0.12,1.95032999999239,0,80,606.412115999992
0.06,1.40742600001977,1,10,374.994669000007
0.06,1.97998800000096,1,40,429.805131000001
0.12,0.833517999999458,0,10,240.570934999996
0.06,1.74850399999923,1,20,576.214164999999
0.12,1.06101800000033,1,20,402.41424
0.06,1.84074100000726,1,40,524.026811000003
0.12,1.04767900000115,0,40,162.973249000001
0.12,0.951358000020264,0,20,335.030677000002
0.12,1.40024100001028,1,40,380.113773000005
0.24,1.98937300000034,0,40,123.589179000001
0.06,1.27310800000123,1,10,455.393554000002
0.06,1.07026500001666,1,80,437.980092999991
0.06,0.823251000008895,1,40,416.282795000006
0.12,0.906316000000515,1,40,243.413258
0.24,1.1566070000008,0,20,20.6062750000001
0.06,1.64626100000169,1,20,148.926196
0.06,1.57779099999971,1,80,353.346976000001
0.06,1.20498800001224,1,80,432.644180000003
0.06,1.12607599998591,1,10,647.274864999985
0.24,1.30854300000101,0,80,301.067067000002
0.06,0.86799000002793,1,20,167.814638000011
0.12,1.8191110000007,0,10,123.657605
0.06,0.660053000001426,1,20,525.990175000001
0.12,1.36916000000201,0,80,558.682316999999
0.12,0.667205000005197,0,20,398.686686000001
0.06,1.80611700000009,1,10,17.2988689999911
0.06,0.985920999999507,0,80,675.425257999999
0.12,1.33317600000191,0,80,560.215050000001
0.12,2.34940499999902,0,40,484.389198999999
0.06,1.1378379999951,0,80,403.916265999986
0.06,0.822864999998274,1,80,203.521197999999
0.06,1.37112500000148,0,20,619.302077
0.06,0.977002999999968,1,20,434.894246
0.12,1.42794600001071,0,40,206.569822000005
0.06,1.50623600000108,0,10,568.613507999995
0.12,1.14302100001078,1,40,131.313745000007
0.12,1.34233299999323,1,40,483.706844
0.06,1.58405400000083,1,20,372.070309000001
0.24,1.55025299999397,0,40,120.779035
0.06,1.92015100000026,1,10,642.489583
0.24,1.94084400000065,0,80,693.481099000001
0.24,0.753610000014305,0,80,472.084157000005
0.06,2.10243900000023,1,10,476.225635000001
0.06,2.89612300001318,1,80,520.107919000002
0.06,1.16022200000043,0,10,497.537621000001
0.06,0.904319000001124,0,80,189.113995
0.06,2.51488099998096,0,80,353.572178999981
0.06,2.08151999999973,0,80,570.633913
0.12,2.63246700000127,0,40,598.965259000001
0.12,1.61764500000027,0,80,664.009943999999
0.06,1.48008000000118,0,80,45.7772499999992
0.24,1.21597200000178,0,80,656.673247999999
0.12,2.77344900000026,0,80,15.754954
0.06,1.27213300000585,0,40,471.906814000002
0.06,2.75371500000074,1,80,446.743060000001
0.24,1.74474999999984,1,80,436.882027
0.12,0.897756000005757,1,40,60.3698629999999
0.12,1.46671600000991,1,40,135.010938000007
0.06,1.42399100001785,1,10,326.31495
0.06,1.29868300003,1,80,589.787913000007
0.06,1.29031200000099,0,80,208.241988
0.06,1.90433900000062,1,80,620.474854
0.24,1.31332500002463,0,10,456.250727000006
0.24,1.45404700000108,1,20,260.262218
0.06,1.93926299999293,0,80,315.002231999999
0.06,1.44260400001076,1,20,343.238683000003
0.06,1.71586700000626,1,40,537.338840000011
0.12,1.33373000001302,1,20,538.094706000003
0.12,1.18028200000117,1,10,195.997436000005
0.06,2.54245100000117,0,80,163.826322000008
0.12,0.956011000000217,0,40,435.205260000001
0.24,1.8289810000133,0,40,200.64172900001
0.24,1.596695000002,0,80,26.1219180000007
0.06,1.08862500000032,0,80,201.185202000001
0.06,1.26690299999609,0,10,637.605276999995
0.24,1.61280799999804,0,80,242.305348999998
0.12,1.3198510000002,0,80,365.641974
0.12,1.85023000001092,0,40,356.194788000008
0.06,0.761610000015935,0,10,303.373386000007
0.06,2.1063780000004,0,40,626.677033
0.24,1.2797759999994,0,80,356.265287999999
0.06,1.20226900000125,1,10,365.905636000001
0.06,1.18402500000957,1,40,348.321839000011
0.06,1.65423800000099,1,20,553.838194
0.12,1.69720200001029,1,10,591.525479000004
0.06,0.88985100001446,1,10,461.946729999996
0.06,0.952116000000387,0,40,180.989197999999
0.06,0.814937000002828,1,80,587.178150000007
0.24,2.53515000001062,0,80,10.5720929999952
0.06,1.76966700001503,1,10,160.229218000008
0.12,2.00714399999924,0,80,23.0100079999993
0.24,1.62306600000011,0,80,655.380115999986
0.06,1.33882000000085,0,80,667.946845
0.06,2.32260800000222,1,40,547.609802000006
0.12,1.25835299999744,0,10,662.853227
0.24,1.54739799999516,0,40,2.84953700000187
0.06,2.08172900001227,0,80,634.306153000012
0.06,1.59862500001327,1,40,351.441780000008
0.06,0.956978000000163,0,80,459.282986
0.12,1.28126699998393,1,20,286.374761999992
0.06,1.71692800000164,1,80,73.5870910000012
0.06,1.2337080000143,0,10,579.661489000006
0.06,0.997311000013724,0,40,418.802789000008
0.06,1.78082499999982,1,80,480.191070999999
0.06,2.01818900000944,1,40,498.169873000006
0.12,1.78419400000712,0,80,259.402367000002
0.24,1.31600000000617,1,40,538.017887000009
0.06,1.2425470000162,1,40,77.5858280000102
0.06,2.15108300000065,0,80,320.473166
0.12,1.8508970000039,0,80,35.4812950000014
0.24,1.16534400000091,1,10,326.593554000001
0.06,2.37119100000018,1,80,396.787060000001
0.12,2.3415210000021,0,80,68.8329709999998
0.06,1.53442499999073,1,80,514.114400999999
0.06,1.25727800000459,1,80,210.77822800001
0.06,1.39814200000546,0,40,307.835044000007
0.12,1.8179510000009,1,20,331.482569000002
0.06,2.2670990000006,1,80,492.487036
0.12,1.45635500000026,1,10,535.097563000001
0.12,1.76327000000128,0,40,455.765186000001
0.06,1.40092700000059,1,20,392.314641000001
0.06,1.71643300000869,1,40,52.3937080000032
0.12,1.03755500001716,1,20,11.7827289999987
0.06,1.80955400000676,1,40,13.5537360000017
0.24,1.65543000001344,1,10,472.954729999998
0.06,1.91385100000116,0,10,348.225544000001
0.12,1.22054100000241,0,40,109.009747000004
0.06,1.74477500000103,0,40,491.269292000001
0.06,1.59352800000124,1,20,85.6221960000003
0.12,1.57703200000105,1,40,65.3710560000036
0.06,1.97449300000153,1,10,385.477392000001
0.06,1.28211400000146,1,80,398.460166999983
0.06,1.98260900002788,1,80,152.844037000003
0.12,1.52772000000186,0,10,379.649534000002
0.12,1.53438999998616,0,80,187.156060999987
0.06,1.59300300000177,0,40,82.946901000003
0.06,1.05430000000342,0,10,449.565407000002
0.06,1.2777550000028,0,80,578.905338
0.12,1.05676900000253,0,40,484.729877000005
0.06,1.66983900000014,0,40,166.156986
0.06,1.15883000000031,0,80,91.6743300000089
0.12,1.30574100001832,1,20,562.454698000016
0.06,1.86957300000358,1,40,466.314836999998
0.12,1.60736500000348,0,80,328.586402000001
0.06,2.60590999998385,1,80,499.891902999982
0.06,1.19964900000195,1,80,61.7378910000007
0.06,2.43146400000114,0,80,593.098046000001
0.06,1.21133000000555,0,80,317.738356000002
0.06,0.865313000016613,0,10,469.778732000006
0.06,0.850751999998465,1,40,237.897779999999
0.06,0.92072300001746,0,10,116.850944000005
0.24,1.42288600000393,0,80,643.041226000001
0.24,1.39831300000151,0,10,434.905609000001
0.12,1.04258700000355,0,40,271.641893000007
0.12,1.66461700000218,0,20,135.954496000002
0.06,2.34803799999645,1,20,199.662513999996
0.24,0.818424000011873,0,40,457.706774000006
0.12,0.987937000012607,1,10,406.213398000007
0.24,0.931072000006679,0,80,205.690106000009
0.06,0.993791000015335,1,40,62.8817800000106
0.12,2.13534500001697,1,20,177.966710000008
0.06,1.97946000000047,1,20,616.406357
0.06,1.46510200001649,0,20,298.118744000007
0.06,1.85820400000011,1,80,378.663068
0.06,1.14775199999895,1,20,368.466403
0.12,1.51980600000024,1,20,556.878322
0.06,1.92247500000121,1,40,498.181248000001
0.06,1.05315300000075,1,10,419.805405999999
0.24,1.65680299999985,0,20,452.218580000001
0.06,0.912180999992415,1,80,495.922302999999
0.06,1.19963900001312,1,80,153.93821800001
0.06,2.40404599999965,1,10,320.257508000001
0.06,0.873224000000846,1,80,451.163053
0.06,1.1521560000001,1,20,277.24264
0.12,1.02559400000609,1,20,154.934650999989
0.12,1.61888999998337,0,20,123.66264699999
0.06,2.12377899999956,0,20,98.0220489999992
0.06,0.854805000009947,1,40,382.28276300001
0.12,1.5272140000161,1,10,541.301428000006
0.06,1.31267900000239,0,80,245.137274000001
0.24,1.23823500001163,0,10,48.3491510000022
0.06,2.30600599999889,1,40,7.4908609999984
0.06,3.46661499999755,1,40,7.83359700000437
0.06,2.01971199999934,1,40,376.661036
0.12,2.12052899999253,0,40,233.257708999998
0.12,1.93342000001576,1,20,41.6386570000031
0.24,2.0000110000019,1,80,316.089948000001
0.06,0.999641000000338,1,20,30.3226220000015
0.06,1.6011029999936,1,10,292.251029999985
0.06,1.3807000000088,1,10,205.741446
0.06,1.35487199999989,0,80,561.641307999998
0.06,1.48483300000953,1,40,345.617781000008
0.06,1.98809700000857,1,40,494.625704000005
0.06,2.09920300000522,0,10,183.549345000007
0.24,1.04275800001051,1,40,184.61095100001
0.12,1.317579999999,0,80,109.105917999999
0.06,1.53092800000741,0,80,520.290311000004
0.06,1.51383800000076,1,20,565.038321
0.24,1.15642100000696,0,40,79.8349050000106
0.24,1.16992700000083,0,80,5.41509399999995
0.06,1.58658500001184,1,20,509.806673000014
0.06,1.96861500000523,1,40,228.482902000003
0.06,1.73428400000012,1,80,246.209766
0.12,0.896646000008332,1,10,360.058706999989
0.24,1.92238000003272,0,80,392.292079000006
0.06,1.44669300000169,1,80,183.086938
0.06,1.06634900000063,0,20,236.81474999999
0.12,1.76274800000829,0,10,77.0428379999939
0.24,1.89888600000995,0,10,515.837469000006
0.06,1.79740400001174,0,80,233.450365000012
0.12,1.28145400001085,1,40,28.1389710000076
0.06,1.49231699999655,1,80,561.620192999981
0.12,0.992959999999584,1,80,285.2333
0.24,1.46534200001042,0,80,83.0262540000112
0.06,1.1688150000009,1,40,590.957315
0.12,1.11443800000416,1,40,336.930794
0.06,1.90321200000471,0,40,530.178816
0.12,1.18498999999974,0,20,460.638247999999
0.24,1.42401800000516,0,10,176.245433000004
0.12,0.874469000002136,0,10,286.562802
0.06,1.64817100000073,1,10,294.345591000001
0.06,1.44129599999906,1,20,136.582157999999
0.06,0.996424000000843,1,40,528.445158
0.06,0.965624000000389,0,80,74.0012759999991
0.06,1.46892600000137,1,80,474.079131
0.12,1.31225099999574,1,10,430.034746999998
0.06,1.21207800001139,1,20,460.366517999995
0.06,1.36395100000664,1,20,247.41462299999
0.06,1.41782700000113,1,40,645.781218
0.06,2.01569400003063,0,10,615.370885000011
0.06,1.50501900000381,1,20,581.022537000012
0.06,1.87256100000013,1,20,296.154551000001
0.06,1.95412399999623,1,40,529.481782000003
0.06,1.61849900000379,1,20,21.0386029999936
0.24,1.0161279999993,0,80,458.023074999999
0.24,1.30545700000948,0,80,515.692057000007
0.12,1.40959800000019,0,80,344.182901
0.12,1.53139000000374,1,40,342.609596000009
0.06,1.48720600000161,1,20,254.046179000001
0.06,1.45857000000069,0,80,9.21896300000117
0.24,0.749414000019897,0,80,673.284190000006
0.12,1.73511800000051,1,10,248.753379000002
0.12,0.980902999988757,1,10,248.554811999988
0.06,1.14028099999996,0,20,292.770624000001
0.12,1.31374300000061,0,80,552.050992
0.24,0.929124000002048,0,20,23.0541790000007
0.06,0.967059999995399,0,10,582.586735999997
0.06,2.22920300002443,1,20,518.894723000005
0.06,2.28194200000144,0,80,397.535066
0.12,2.54985699999997,1,40,7.52520399999958
0.06,0.833494999998948,1,80,269.811897999985
0.24,1.80087900000035,0,40,544.269296
0.24,0.993416999999681,0,10,630.425632
0.06,1.39977500000168,0,80,635.794084000001
0.06,1.61580899999899,1,40,602.101194999999
0.24,1.49612699999125,0,10,467.39472099999
0.06,2.30770300000222,1,20,185.246279000001
0.06,0.914645000000746,1,20,138.386484000001
0.06,2.34403200000088,0,80,12.2092669999984
0.06,1.09724300000198,1,80,119.826958000001
0.06,1.41587799999979,1,80,372.190997
0.12,1.92102300000261,0,10,166.989371999996
0.06,1.11751200000072,0,10,163.201578000002
0.12,1.85241800000222,0,80,186.689942000001
0.24,1.42918400000781,0,10,533.07476399999
0.06,1.20820500000264,0,80,289.154347000003
0.24,1.46568699999989,0,80,157.999092
0.06,1.86958199999935,0,80,311.538388000001
0.06,1.18769699998666,1,20,337.742789999989
0.06,1.18492400000105,0,20,605.154615000001
0.06,1.81734099998721,0,80,16.8921599999885
0.12,1.60952199999883,1,40,277.529754000003
0.12,1.43780599999991,0,80,280.191108999999
0.06,2.70973900000172,1,80,110.177282000001
0.06,1.16202700000031,0,80,148.591027
0.06,0.688158000004478,1,80,451.404180999991
0.06,1.55802700002096,1,80,300.924090999993
0.06,2.61124500000733,1,80,490.203917000006
0.06,0.86387499999546,1,40,304.914969999998
0.06,1.1829490000091,1,10,135.973188000004
0.12,1.24276000000827,0,40,437.346808000002
0.06,1.61229099999764,1,80,201.100031999988
0.06,1.01912600000105,1,80,251.12304
0.06,1.51774700000169,0,80,33.7748140000003
0.06,1.59302200000093,0,10,543.609562000001
0.24,0.923026000000391,0,20,559.326198000001
0.06,2.06447599999956,1,40,558.921799000003
0.06,2.49547800000073,1,40,45.4049699999996
0.06,0.754211000006762,1,80,528.338388000004
0.12,0.654134000002159,1,80,357.583124000001
0.06,1.70752900000116,0,40,314.069090000001
0.12,1.52884699999959,0,80,348.650011
0.06,0.938014000013936,1,40,137.466928000009
0.06,0.868180000004941,0,80,522.682333000004
0.06,1.54944599998998,1,20,531.262535999995
0.06,2.04094400000031,0,80,644.210859000001
0.12,1.38461600001028,1,40,294.185834000004
0.06,0.954438000000664,0,80,392.602347000007
0.06,1.86511100000098,1,20,457.934305000001
0.06,1.5859819999896,1,20,14.8867059999902
0.06,1.73866400000406,1,40,218.92981300001
0.06,2.20095300000139,0,20,540.418682000001
0.12,1.58585200000016,0,20,625.68622
0.12,1.22408899999937,1,40,506.949008
0.24,1.07302400001208,1,40,452.48161100001
0.06,1.88844900000186,1,80,130.249215
0.24,0.914476999998442,0,80,484.434460000004
0.06,1.14559399999962,0,80,604.431140999999
0.06,1.5655759999936,1,20,306.654658999993
0.12,2.10276500000145,0,80,613.914887000001
0.24,1.29610300000058,0,40,313.642947
0.06,1.48184700000093,1,20,319.438312
0.12,1.56126500000209,0,80,228.863042000001
0.12,1.70585000000028,1,20,206.290645000001
0.12,0.924941999997827,0,80,241.602339000005
0.24,1.43044000002556,0,80,486.068167999998
0.06,0.641748000009102,1,40,390.754827000012
0.06,1.51688600001216,0,10,30.3892020000058
0.12,1.84745999998995,1,10,3.15713599999435
0.06,2.79056800000035,1,80,201.751125999999
0.06,2.54494700000032,1,40,205.956985000001
0.12,2.03714400000172,0,80,555.449191
0.24,1.45012100000167,0,40,341.349212000001
0.12,1.50146800003131,0,80,312.188120000006
0.06,1.050306000001,0,20,482.326147
0.06,1.1162760000152,1,10,503.245227000007
0.06,1.57732300000134,1,80,492.330066
0.12,2.20906900000409,1,20,402.414659000002
0.24,2.10261400000127,0,80,538.114131
0.06,1.46611800001119,1,10,657.021378000005
0.06,3.54875000000175,1,80,651.687217000001
0.06,1.41296900000088,1,80,567.553245999999
0.06,1.13758800001233,0,10,355.018725000002
0.06,1.07453899999928,0,20,32.1342559999994
0.12,1.48448300000746,1,40,40.6017130000109
0.06,1.41829700002563,1,10,90.3549110000022
0.12,1.49947599999723,1,40,212.321582000004
0.06,1.60076700000172,0,20,433.650694000002
0.06,1.00079000000187,0,10,584.233633000002
0.12,1.10800599999493,1,40,282.018981000001
0.12,1.43540600000051,0,80,294.241209
0.06,2.0519670000067,1,40,365.570797000008
0.06,1.97788000002038,0,10,527.074741999997
0.24,0.89387899999565,0,40,210.706955000001
0.24,2.04085800000757,1,40,87.8977500000037
0.06,1.59165600000051,1,20,175.206258
0.24,1.38978700000007,0,80,303.423116
0.12,1.59888000000501,0,10,279.370965000009
0.06,2.00562600000012,1,80,329.614994
0.24,1.37928600001032,1,10,251.458872999996
0.12,1.88230400000066,0,80,572.983168999999
0.06,1.27626199999941,1,20,205.558718999993
0.24,1.57099300000118,0,20,202.758655999991
0.06,2.24009900000237,0,20,497.970717000002
0.06,1.29342400000314,1,10,422.621249999997
0.12,0.992075000001932,0,10,524.933449000004
0.06,1.35301400000026,0,80,357.730024
0.24,0.906928000011249,0,80,508.026374000008
0.12,2.73172700000578,1,20,523.150699999998
0.24,2.27748200000133,1,20,567.762611000002
0.12,1.97333999999682,0,80,144.010272
0.12,1.11421300000075,0,80,610.290852
0.06,1.31908299999486,1,40,567.769866000002
0.24,1.24365000000216,0,10,81.5855610000017
0.06,2.3830089999974,1,80,591.082261000003
0.06,0.859946000000491,1,80,183.225263
0.12,2.16458100000091,0,20,531.626666000002
0.12,1.50348900000063,0,20,414.766239
0.06,2.23166900000069,0,80,218.97991699999
0.06,0.865089000000808,0,20,470.058706000002
0.06,1.49761000002036,0,80,35.4200359999959
0.06,1.09656000000541,1,40,270.626999
0.24,1.45437900000252,1,10,582.637415999998
0.06,1.64892499999951,1,10,51.6415030000007
0.12,1.20359300000018,1,10,278.761362000001
0.24,1.00147899999865,0,10,161.634863999992
0.12,0.986963999999716,0,20,404.45865
0.06,1.00403499999993,1,80,177.065955
0.06,1.90852900000027,0,80,424.617228999999
0.06,1.52012699999977,0,80,371.866037
0.06,1.2517080000016,1,40,106.581024000001
0.06,1.30765300000348,0,80,143.297255000001
0.06,0.713121000000683,0,80,300.273768000001
0.12,2.8093970000009,0,80,255.847016
0.12,0.758370000010473,1,10,654.037421000001
0.06,1.3574250000238,0,20,77.1906130000134
0.24,1.48324400000092,0,80,339.026934000001
0.06,2.21065399999497,1,80,262.484017999988
0.06,1.75110200000199,1,80,498.977994000001
0.06,1.50131300000066,1,80,2.81027000000176
0.12,1.96481299999868,0,10,397.277482999998
0.06,2.17115000000922,0,40,146.506766000006
0.06,1.64979100000164,0,80,488.69513
0.12,0.926735000015469,1,80,536.916108000005
0.12,1.44399899999553,0,40,359.162748000002
0.12,1.57981599999948,0,80,98.5070020000003
0.06,1.32247600003029,1,10,377.834716000012
0.24,1.83399800001644,0,10,323.370870999992
0.06,1.30570199999966,1,40,322.893180999999
0.12,1.68418899999961,0,80,625.681984999999
0.06,1.60577800000101,0,10,526.881656000001
0.12,1.86608599999454,0,80,526.066141000003
0.06,2.14897999999812,1,80,31.130262000006
0.12,1.7436030000099,0,40,128.649879000004
0.06,1.82349300000351,1,40,410.345792000007
0.06,1.05946200000471,0,80,123.330379000006
0.24,0.829780000029132,0,80,646.820237000007
0.06,1.4297729999962,0,80,103.066177000001
0.12,1.18073900000127,0,20,454.914479000001
0.12,2.24042999999983,1,20,399.830153999999
0.06,1.08719399999973,0,80,67.3869680000007
0.12,1.80433200000152,1,20,393.454240000001
0.06,1.35118500000681,1,40,429.409893000004
0.06,1.46742500000983,0,40,343.722761000012
0.12,1.15681000001496,1,10,573.322740000003
0.12,1.43788700000005,1,80,595.330804000001
0.06,0.956326999999874,1,20,380.202586000001
0.06,1.37742700000126,1,20,71.7465700000012
0.12,1.50207900000169,0,80,384.385301999999
0.06,1.63408800000616,1,10,287.245206000007
0.12,1.39660900000126,1,40,133.573139
0.06,1.51786100000027,0,80,307.875099000001
0.06,1.69068100000732,1,10,519.053444000005
0.06,1.02213500000653,0,10,544.866762999998
0.06,1.15736500000094,1,20,562.006352
0.06,1.57423999999992,0,80,535.558926
0.06,1.28246500001114,0,80,156.746219000008
0.12,2.10323800001061,1,80,282.492075999995
0.12,1.00059599999986,0,80,94.2228469999991
0.06,1.91908700000204,0,80,113.609254999999
0.24,1.14570100000128,0,40,573.613208000001
0.24,1.66954200000328,0,40,476.497868000006
0.06,1.56542699999409,1,40,187.849700999999
0.06,1.71438900000066,1,40,93.6452360000003
0.06,1.47784300000058,1,80,360.583094
0.12,1.28471400000853,1,10,632.621511000005
0.06,1.13422500001616,1,80,169.315884999989
0.24,1.37005499999941,0,80,79.8590260000001
0.06,1.55115599999954,1,80,286.942983999999
0.06,0.638663000005181,0,80,627.522121000002
0.06,1.25151400000323,0,80,267.874252000009
0.12,1.45796399999927,0,40,356.917047999999
0.12,1.09687000000122,0,80,232.602814000002
0.06,1.62737700001162,1,40,582.362810000006
0.06,1.39298699999927,1,20,385.762537000001
0.06,1.59771400000318,1,10,256.661319000006
0.12,0.769742000000406,1,80,320.303027
0.06,2.31388699999661,0,10,127.181184000001
0.06,1.72040800000832,0,40,194.433708000011
0.12,2.36568000000261,1,10,623.909379999997
0.06,1.85923900001217,0,40,519.633744000006
0.06,1.00026599998819,1,80,597.236180999986
0.12,1.56865200000175,1,80,681.281262
0.06,1.45799599999737,0,40,327.770755000005
0.12,1.49431599999662,1,40,125.385832
0.12,1.54739900003187,1,10,637.962930000009
0.12,1.5555030000105,1,20,604.542661000014
0.12,0.812816000001476,1,80,635.095090000001
0.06,1.48651799999971,1,80,167.823084
0.06,1.12101100001018,1,10,530.293478000007
0.06,1.55048600000009,0,10,578.809520000001
0.06,1.50641800000449,1,40,391.88983700001
0.06,1.78589099999954,0,80,46.4029950000004
0.06,1.27374199999031,1,10,381.981392999995
0.12,1.35749900000519,0,10,243.450894999987
0.06,1.89821800000209,0,10,472.581231000004
0.06,1.90094000000136,0,10,399.905571000001
0.24,1.27523300002213,0,80,215.228212999995
0.12,2.26832000000104,0,20,356.622323
0.06,0.951775999999882,0,20,233.974224
0.12,0.625165999999808,1,20,124.658551
0.06,1.41052400000626,1,10,322.181240999998
0.06,1.74732100000256,0,80,276.546081000008
0.24,1.65370600000097,0,10,426.665540000002
0.12,1.67506900000444,1,10,364.413503000003
0.12,1.96041100000184,0,80,553.68208
0.06,1.72463700000117,0,80,218.994976000002
0.06,1.17772700000205,1,80,580.931966999982
0.12,1.83828799999901,1,80,395.652115999983
0.12,1.75604700000076,1,20,180.634497000001
0.12,1.28269799999543,1,10,609.386985999998
0.06,1.62568300000021,0,80,160.147027000001
0.06,1.81849500001408,0,40,164.282937000011
0.12,1.9578540000075,0,10,206.994815999991
0.12,1.33311700000013,0,10,32.4736090000006
0.06,1.25783099999535,0,10,434.365315999996
0.12,1.281501999998,0,10,591.306745999987
0.24,1.88073800000711,1,40,328.513735
0.06,1.56815000000097,1,20,101.110143
0.12,1.67713600000025,1,20,265.846158
0.06,1.16883400000006,1,20,514.490663
0.12,1.13091700000041,0,10,602.985634000001
0.24,1.20927400000073,0,20,437.622227
0.24,1.59646400000202,0,80,230.363891999994
0.12,2.01646200000141,0,80,518.591066000001
0.06,0.939008999994257,1,20,472.022763999994
0.06,1.44949700000143,1,80,206.489294999999
0.06,1.01473400002578,0,80,155.380134000006
0.06,1.55471000001126,1,40,593.530825000009
0.06,1.31844300002558,0,10,234.746660000004
0.12,1.85276000000158,0,80,164.815119000001
0.12,1.86340900001233,1,80,28.7478680000058
0.06,1.39895299999989,1,80,43.0909800000009
0.24,1.1838459999999,0,80,547.402038
0.06,2.05408000003081,0,20,575.022763000015
0.06,1.67569599999115,1,10,387.042710999987
0.12,1.03282800002489,1,20,495.326788000006
0.06,1.91832600000089,1,20,371.898636000002
0.06,1.23017600000094,1,10,516.609710000001
0.06,0.850787000003038,1,40,9.85899600000994
0.12,1.12945000000218,0,40,298.141176000001
0.06,1.72255199999199,1,10,542.322737999988
0.06,1.45561400000042,0,80,319.057919000001
0.06,2.16993100000036,1,80,482.345925
0.06,1.86330599999928,1,20,375.454283999999
0.06,1.51209700000072,1,40,225.477269000001
0.12,1.22661000001244,0,80,345.346203000008
0.06,1.41897100000642,1,20,550.638536000013
0.12,2.12733300001128,1,80,32.3960439999937
0.06,1.31332300000031,0,80,545.151073999999
0.12,1.44645700001274,0,80,192.868129999988
0.12,1.49543300000187,0,80,212.346795000001
0.12,1.30669100000523,0,80,512.868133999989
0.06,2.21717800000079,1,10,36.2095130000016
0.06,1.34490200000073,0,80,60.8950170000007
0.12,1.38427500000398,1,10,313.629503000004
0.06,1.49266100000023,0,80,526.343048999999
0.12,0.966950000001816,1,20,525.638772000006
0.06,1.31387499999255,1,10,209.834957999992
0.06,1.2627010000142,0,40,420.985731000008
0.12,1.10173399999985,0,20,77.0542669999995
0.12,1.14871800000037,0,20,423.802683000002
0.12,1.39476699999068,0,80,80.1400429999921
0.12,2.26190400000269,0,80,147.073269
0.06,2.24145800000042,1,80,304.835053000001
0.06,1.5768720000051,1,40,273.722816000009
0.06,2.1142370000307,0,20,133.102646000014
0.06,2.18609699999979,1,80,733.082057
0.06,2.53122299999995,0,80,167.385956
0.06,1.46828400000049,1,20,249.250544
0.12,1.78683700000147,0,80,176.090970000001
0.06,1.15460400001029,1,80,584.842415000006
0.06,2.24857999999949,0,10,306.913628
0.06,1.57407000000239,1,10,416.210718999995
0.06,1.95358600000145,1,20,411.742295
0.24,1.80369100000826,0,20,255.790715999989
0.12,0.789738999999827,1,80,666.313993
0.06,0.933045000012498,0,80,661.738330000007
0.06,0.895887000006041,0,10,556.213352999999
0.06,1.86834799998906,1,20,234.222563999996
0.06,0.806478000013158,1,80,10.8902040000103
0.12,0.870973000000959,0,80,294.37774
0.06,1.03424599999562,0,20,126.22265499999
0.06,1.96791200000371,0,80,368.921040000001
0.06,1.69028500000422,1,40,305.841853999998
0.12,1.09567500000048,0,40,373.125276000001
0.06,1.25774999998976,0,10,300.522843999992
0.06,1.93865400000141,1,80,426.283085000001
0.12,1.95521000000008,0,20,401.954663
0.06,1.96265900001163,0,10,198.154814999987
0.12,1.58758300000045,0,10,266.977594000002
0.12,1.00181400000292,1,40,570.297806000002
0.24,1.21685100000104,0,80,323.201308
0.06,1.91963300000134,1,80,336.019067000001
0.12,1.96003200000087,1,20,33.7945410000011
0.12,1.15697600000021,0,10,38.8815730000006
0.06,1.38398899999993,1,10,645.385672
0.06,0.924784000002546,1,40,56.6427530000074
0.12,0.904340000008233,0,80,635.564209999982
0.12,2.07733200000075,1,10,220.937526000002
0.12,2.8709400000007,0,80,713.393937999999
0.12,1.42533700002241,1,80,575.020111999998
0.12,0.961387999999715,0,80,614.639082
0.12,1.05473400000483,0,20,82.3585650000023
0.12,1.29524300000048,1,40,452.802800000005
0.24,1.24755900000127,0,80,219.455018000001
0.06,1.98710400000164,1,20,454.54232
0.24,1.68913700000121,1,40,286.372996
0.06,1.3142420000222,1,80,47.2360460000054
0.06,0.724927999995998,1,40,379.906799000004
0.06,1.79093200000352,0,80,301.946338000009
0.06,1.49322900001425,1,20,498.342818000005
0.06,2.04761700003291,1,80,286.060181000008
0.24,0.933011000000988,0,40,512.817645000003
0.12,1.13484700000845,1,20,451.294576000015
0.06,1.41020700000081,1,80,517.387135000001
0.06,1.1994190000114,1,10,86.2051880000072
0.06,2.66256299999986,1,80,400.425974
0.06,1.18404700000065,0,40,240.989259
0.06,1.46238199999789,0,40,478.066812000005
0.06,1.822325000001,1,10,342.269214
0.12,1.63494899999932,1,10,629.714873999998
0.24,1.17562600000019,1,80,262.170798000001
0.06,1.99025799999072,0,40,357.393842999998
0.24,1.20245600000089,0,80,380.114938000001
0.06,1.11901299999954,1,20,82.5022179999996
0.06,1.52366500000062,1,20,353.642660000001
0.06,1.89697800000067,1,80,634.802833000002
0.12,0.81057200000032,1,20,122.522505000001
0.06,2.50084100000095,1,80,30.1380339999996
0.06,1.56614500000069,1,80,682.739113000001
0.24,1.40331800000058,0,40,260.661260000001
0.12,1.14384500000233,0,80,628.833338
0.12,0.85171100000116,0,80,268.755029000002
0.12,2.01834500000041,0,20,271.518226
0.06,1.8235370000184,1,20,174.310658000002
0.06,1.08084200000121,0,10,452.609632000002
0.06,2.74107000001823,0,80,613.412076000008
0.12,1.13047499999993,1,80,265.19896
0.12,1.32064299999911,1,80,314.249276999999
0.06,0.991249999999127,1,80,430.695148999999
0.24,0.803054000003613,1,80,553.394312000004
0.24,1.63224900000205,0,80,277.231019000001
0.12,1.97723400001996,0,20,283.566744000011
0.12,1.3880250000002,1,80,338.511109999999
0.12,1.12617699999828,0,20,378.710689
0.06,1.62369100001524,0,10,56.6211040000053
0.24,1.26387800000157,1,10,570.017488000001
0.06,2.68853300000046,1,80,266.379029000002
0.06,1.00790000002598,1,20,157.462583000015
0.12,1.09495500000776,1,20,555.974835000001
0.06,1.87660600000527,1,80,388.852194999985
0.06,1.1543190000084,1,40,242.603024000011
0.12,1.07398000001558,0,40,546.09081400001
0.12,2.04212400000324,0,80,58.3369840000014
0.06,1.52824099999998,0,10,431.993588000001
0.06,0.731347000000824,0,80,495.354968000001
0.24,2.0557260000005,0,80,539.135074
0.06,1.66592600000149,1,80,542.319122000001
0.06,2.6558440000008,1,80,37.8578770000004
0.06,1.13045700000657,1,40,576.634825000001
0.24,1.60130899999967,0,80,646.615172
0.24,1.5118410000141,0,80,27.4583440000133
0.24,1.4797180000005,0,40,379.653146000001
0.24,1.88502200000039,0,80,383.522845000001
0.06,1.33618200001365,0,80,576.778171000013
0.06,1.4197890000014,1,20,11.8506490000018
0.06,2.02044999999998,1,80,320.386931000001
0.06,1.53098799999862,1,40,444.673779000004
0.12,1.96411600000101,0,20,470.222228000001
0.06,1.80488899999909,0,80,558.769264999999
0.12,2.50469099999827,0,80,700.649162999998
0.06,1.44269800001348,0,10,620.021516000008
0.24,1.50199200000134,0,80,191.738797000002
0.06,1.38221700000577,1,10,99.6428310000047
0.06,1.13665600000058,0,80,618.32999
0.12,1.10626299999421,0,40,291.281912999999
0.06,1.68290699999488,1,40,241.105851
0.06,1.47350600000937,0,40,95.7949990000052
0.12,1.415715000001,1,20,463.574354
0.06,1.10499700000037,0,80,363.215071999999
0.06,1.80912200000057,0,80,291.993772
0.12,2.37695900001563,0,80,646.930146000013
0.06,1.01779300000089,0,10,513.865655000001
0.06,1.95698700000139,0,80,640.951155000001
0.12,2.50999200000115,0,40,640.269216000001
0.06,1.08296699999482,1,40,74.330793000001
0.06,3.83266200000071,1,20,545.762756000002
0.06,1.23591500000111,1,20,321.674624000001
0.12,1.6493640000117,0,10,65.7012090000062
0.12,1.00333700001647,0,80,74.4182550000114
0.06,1.62062600000172,0,80,232.007104
0.24,1.45618900000409,0,80,50.8823120000015
0.06,1.06751200000872,0,10,297.746947000007
0.12,1.34311200000229,0,40,59.5067600000039
0.12,1.87588700000197,1,10,558.378740999993
0.12,1.84782799999994,1,40,580.389257999999
0.06,1.60908299999937,1,80,502.097965999999
0.06,1.95858299999963,1,80,189.358955
0.12,1.52722399999766,0,80,482.713231999998
0.06,1.27371300000232,1,40,464.601869999999
0.06,0.890509000018938,1,80,93.4521419999946
0.12,1.98666800001229,0,10,212.317162000007
0.06,0.976989999995567,0,80,572.076108999987
0.12,2.0654310000009,1,20,228.994496000001
0.06,1.15301499999987,0,20,554.770572000001
0.12,1.5401150000107,0,20,601.462533999991
0.12,0.714991000000737,1,80,40.1709590000009
0.06,1.76615099998889,0,10,459.538724999991
0.06,1.46455699999933,0,10,102.289574
0.06,1.79250100001809,0,20,145.758640000015
0.24,1.7707190000001,0,40,209.245239
0.24,0.936617000001206,0,20,436.098590000001
0.24,1.03321100000176,1,80,124.332001000002
0.06,0.82035900000119,1,20,261.050678000001
0.24,1.28973800000131,0,80,242.618791000001
0.12,1.67548100000022,0,80,433.895068
0.12,0.817598000008729,0,40,394.225855000012
0.06,1.64064500000131,1,20,466.734248000001
0.24,1.96871500000998,0,40,182.042914000005
0.06,1.23363900001277,1,80,143.340182999993
0.06,1.64742700001807,0,80,108.883856
0.06,2.37191700000039,1,80,235.90295
0.12,1.35632900000201,1,40,360.273870000005
0.06,0.841350000002421,1,10,454.533467000001
0.12,1.05983000000197,0,80,271.339048000002
0.06,2.28037899999981,1,80,212.033792
0.06,1.75343299999986,1,80,76.7669659999992
0.24,1.56240900000012,0,80,452.879156999999
0.06,1.39220500000192,1,40,385.189254000001
0.24,1.22131500000069,0,80,358.491024000001
0.12,1.72092100000191,0,10,139.249307000002
0.24,1.0491800000018,0,20,316.430253
0.12,1.73791100000381,0,10,92.8931509999966
0.06,0.957143999999971,0,40,322.019
0.12,1.4465210000053,0,40,290.762958000007
0.24,2.24803999999858,0,80,62.1051899999984
0.12,2.00312999999733,1,10,366.106697999989
0.06,2.64717200000086,1,40,14.9971420000002
0.06,1.90632000000915,1,80,600.667894999991
0.06,1.60061000002315,1,80,446.756196000002
0.06,0.890164000011282,0,10,253.874879999988
0.12,1.61406499999975,0,80,679.146013
0.06,2.08805399999983,1,40,110.189214
0.12,1.53361300000688,0,80,453.258299000008
0.06,1.72768799999903,0,80,588.881334999998
0.06,1.22524699999485,1,10,571.357317999995
0.06,1.35374299999967,1,40,51.6909339999984
0.24,1.65367700000206,0,80,403.695127000001
0.12,0.677342000009958,1,10,214.858688000008
0.24,1.17562400000133,0,20,500.658657000002
0.06,1.9026180000219,0,80,619.332108000002
0.12,1.28807400001097,0,20,469.566774000006
0.06,1.01013000000967,1,10,284.162914999994
0.06,1.60308800000166,0,80,532.463131
0.06,1.32002100000136,0,80,221.834806000001
0.06,1.41869300001417,1,10,496.706762999995
0.06,2.091459999996,1,40,394.370825999998
0.12,1.66639100000066,1,20,335.126305
0.12,1.00212599999941,0,10,635.497670000001
0.06,1.65044800000032,1,80,664.783154999999
0.12,2.29685400000017,0,40,196.533004999999
0.12,2.18670000000202,1,80,25.4790250000005
0.06,1.2430400000012,0,80,300.511113
0.12,1.24934899999062,0,10,585.354756999994
0.12,1.46987000000081,0,40,455.473876000004
0.06,1.63550400000531,1,40,84.3377069999988
0.12,1.14161999999487,0,10,138.637212999995
0.06,1.25605300000461,1,40,532.257822
0.12,1.60669100000814,1,10,278.173341000002
0.12,1.41617700000097,1,20,490.678314000001
0.06,2.13918800000101,1,10,594.057567000002
0.12,1.22486500001105,0,40,407.001870000007
0.06,0.8958590000002,1,20,377.730585000001
0.06,1.98763099999996,0,20,476.434655000001
0.24,1.40807599999971,0,80,560.410974
0.06,1.05027900001733,1,20,506.694751000003
0.06,1.04899300000034,1,20,54.6300300000003
0.06,1.46511700001429,1,40,310.82701600001
0.06,1.32133000000067,1,20,557.610592000001
0.06,1.16507699999966,1,40,452.485196
0.24,1.65278999999282,0,80,483.116031999991
0.12,2.14940600001137,0,10,383.842727999989
0.12,2.13761400000112,0,10,323.913600000002
0.06,1.48632799999905,0,80,177.086987999999
0.24,1.0697590000018,0,80,649.538851000001
0.06,1.50918099999944,1,80,262.543048
0.24,1.22529000000031,0,10,335.969548000001
0.24,1.36132399999769,0,20,598.398694000003
0.06,2.0926210000016,1,80,152.20701
0.06,1.40921600000001,1,10,116.913565000001
0.06,1.07164700000067,0,10,168.889364000001
0.06,1.29192000001785,1,40,157.586887000012
0.24,1.46964999999909,1,40,250.625851000004
0.12,2.14759700000286,0,10,165.306687000004
0.24,1.20312000002014,0,20,571.446552000009
0.06,1.02544900000066,1,20,8.91462200000205
0.06,1.72278000000188,0,10,23.8975510000018
0.24,1.6405760000016,0,10,657.489754000002
0.12,1.98008899998968,1,10,137.266938999994
0.06,1.52168600000005,1,80,332.655003
0.12,0.920601000005263,1,40,434.578831000006
0.24,0.998764000001756,0,80,225.774878
0.06,1.30536900000152,0,80,391.473310000001
0.06,1.13598099999945,1,80,173.810261000006
0.06,1.06434700000136,0,20,120.194612000001
0.12,1.46921800001292,0,10,391.181393000006
0.12,1.58827399999973,1,80,242.961792
0.06,2.40661100001307,0,10,11.2508939999971
0.06,1.78412700000627,1,10,497.933415000007
0.06,1.20910700000059,0,80,19.0710159999999
0.12,2.51299400000062,0,20,368.966172
0.06,1.16650000000118,1,20,313.862117000001
0.12,1.45554599999741,0,40,559.010777000003
0.06,0.987832000013441,1,10,122.178955999989
0.12,1.30153500000051,0,80,412.726876999999
0.24,1.79502300000058,0,80,598.642846000001
0.12,1.05735800000548,1,40,429.35480500001
0.06,2.58641700000044,1,80,604.914821
0.06,1.06396800000039,1,80,306.018040999999
0.12,1.86110500001814,1,10,433.41872300001
0.06,2.70013700000163,0,20,61.4221940000007
0.06,1.62552499999947,0,80,153.281257999999
0.12,0.829226000001654,1,40,366.105909999998
0.12,1.36125800001901,1,10,338.650978999998
0.12,2.00800100000197,0,40,307.805233000001
0.12,1.41219200000342,1,40,510.361866000007
0.12,2.01800200000071,0,10,282.297495000001
0.06,1.60784500000591,1,10,72.9571480000013
0.12,1.19217500000377,1,10,144.877158999996
0.12,1.35991699999977,0,80,384.313867999999
0.06,1.84562000000005,1,10,285.657487
0.12,1.99162500000057,0,10,627.921631000001
0.06,1.96024700000089,0,40,21.9651759999997
0.06,1.18509500000073,1,80,259.474946
0.06,2.0987460000033,0,10,227.493340000001
0.12,1.61831200000051,0,80,406.105960999999
0.12,1.82688700000108,0,80,368.171009000002
0.06,1.07573500000581,0,40,308.441860000006
0.06,1.9445160000032,1,80,14.3542820000002
0.12,1.23599700001068,0,40,520.66681000001
0.06,1.49376900000061,0,80,112.113863
0.06,2.15942300000461,1,20,454.974631999998
0.12,1.17565500000092,1,40,617.301042000001
0.12,1.91890700000295,0,80,117.041323000001
0.06,1.91229000000021,0,80,365.433235
0.12,0.891053000013926,1,40,575.497786000007
0.06,1.56499500000064,1,80,674.311177
0.24,1.42961699999978,0,40,317.013196
0.06,1.54402400000254,0,40,259.145719000007
0.12,1.97442800000135,1,10,196.929471000001
0.24,1.67051200001151,0,40,435.169757000011
0.12,0.87517100002151,1,10,620.938777000003
0.06,3.60444199999984,0,10,421.041461000001
0.12,1.00145000000157,0,20,268.786487000001
0.12,0.993160000012722,1,20,264.01460200001
0.24,1.2903229999938,0,10,168.122946999996
0.06,2.60280500000226,0,10,69.8291829999944
0.06,1.47908600000665,1,80,244.602298000013
0.06,2.40013799999724,0,10,348.437384999997
0.12,1.02746600002865,0,80,58.219901000004
0.06,2.30452299999888,1,80,18.178310000003
0.06,2.58250499999849,1,40,266.193857999999
0.06,1.37050399999134,1,40,386.033844999998
0.06,1.56209099999978,1,20,32.4625839999935
0.12,1.83121699999901,0,80,50.5880429999961
0.06,1.13140300000669,1,20,244.526623999991
0.06,1.96943800000008,0,80,15.6972109999988
0.12,1.25816500000656,1,40,167.066877000005
0.12,1.16924800002016,0,80,88.4998780000024
0.06,1.45191200000227,1,40,420.181243000001
0.06,0.936141000000134,1,10,177.729596000001
0.12,1.92662000000018,0,20,527.946504000001
0.12,2.4799060000023,1,10,621.705586000002
0.12,1.5140850000007,1,40,338.381143000001
0.12,1.16252999999961,0,80,103.598841999999
0.06,1.86540900000546,0,80,543.026312000002
0.12,0.687012000009418,1,40,173.913729000007
0.06,1.41863700000067,1,80,2.71888500000023
0.24,1.59023900001193,0,80,146.451977999997
0.06,1.47862000000896,1,80,44.1463570000051
0.06,1.19804699999804,1,40,65.6018110000005
0.24,1.97483699999975,0,80,477.6111
0.06,2.16144400000121,1,80,298.049744
0.12,1.79923900000176,1,40,10.837203000001
0.12,1.51691899999969,0,20,343.462256999999
0.06,1.79658800002653,1,20,327.310674000008
0.12,1.35503800000879,1,10,215.189454000007
0.06,0.848495000012917,1,80,176.178057000012
0.12,1.44122600000992,1,80,94.6422320000129
0.06,2.08408100000088,1,80,660.273083
0.06,1.38014799999655,1,10,295.154689999996
0.24,1.60425799999211,0,40,147.577816999998
0.24,1.26027199999953,0,80,678.201252999999
0.06,1.814538000006,0,80,658.716191999993
0.06,2.67076500000076,1,80,677.235099000001
0.06,1.29551999999967,0,10,585.453485999999
0.06,1.11583600000085,1,10,482.393589000001
0.06,1.70491600001696,0,80,462.314300000013
0.24,1.48754999999983,0,80,638.793823
0.06,1.19629900000291,0,10,527.653474999999
0.06,1.70248600000014,0,80,188.714959000001
0.12,1.82256800000323,0,40,467.945879000006
0.06,1.66330000000016,1,80,372.906283000004
0.06,1.63553700000011,1,10,329.74545
0.06,1.52837700000055,0,80,438.530993
0.12,1.04786800000875,0,80,482.002267000003
0.12,0.968473999993876,0,10,632.202997999993
0.06,1.70442900000489,0,80,493.490203000008
0.06,1.3108710000015,0,80,269.761123
0.06,1.54373300000043,0,40,320.069233
0.06,1.568437000009,0,80,620.026429000005
0.12,1.55421500000193,0,80,652.618847000002
0.24,2.00425199999881,0,10,142.165208999999
0.06,0.789839000004577,1,10,219.802880000003
0.24,0.961220000026515,0,80,55.6679350000049
0.06,2.25092300001415,1,40,459.24983500001
0.24,1.77364800000032,0,80,419.649921
0.12,1.70012300000053,0,10,485.609504000002
0.06,1.1228540000011,0,40,313.809762999997
0.12,0.930684999999357,1,80,95.9080559999857
0.12,1.49520600000142,0,80,511.210064000001
0.06,0.931652999992366,0,10,112.861187999995
0.06,1.69574400000056,1,80,140.473149999998
0.12,1.12250100003439,1,10,256.522900000011
0.06,1.50268700000015,0,80,100.114268000005
0.12,1.74692000000505,0,40,46.9536890000018
0.06,1.25555700000041,0,80,227.210981
0.06,1.31117699999595,1,40,361.9948
0.12,1.25054900000032,1,20,612.902295
0.12,0.962215000006836,1,80,561.170375000002
0.24,0.781233999994583,1,10,39.1572029999952
0.06,1.49705200000062,1,80,462.298811000001
0.06,1.26212500000838,1,10,402.002719000011
0.06,1.13189400002011,1,10,438.938750000001
0.12,2.32614000000103,0,80,49.825968000001
0.24,1.30780200000117,0,80,67.2469280000005
0.06,2.04081800000131,0,40,556.837046000001
0.12,1.49751200000173,1,20,120.526559999998
0.12,1.2150510000065,1,10,53.4771560000081
0.06,3.36423500000092,0,20,25.3224860000009
0.06,1.55411800000002,1,20,45.8666250000006
0.12,1.66454800000065,0,40,212.421226
0.06,1.31190400000196,1,40,238.285271000001
0.24,1.64852300001075,0,20,136.270805000007
0.06,1.50093300000117,1,80,130.871051
0.06,2.16980700000022,1,20,523.806298
0.06,1.14920800000255,1,40,22.1069100000022
0.12,2.23474700000043,0,20,110.142255999999
0.12,1.23794900000212,0,20,86.3465010000018
0.06,1.9427330000035,1,10,613.693274999998
0.06,1.52363400000104,1,10,357.681545000001
0.06,0.952955000015208,0,80,19.3719310000015
0.12,1.58298100000138,0,80,351.746041
0.06,1.28235200000199,0,10,303.145589000002
0.12,2.34306900000229,0,40,594.813298000001
0.06,1.37975000000188,0,80,218.497880000001
0.06,1.49125599999934,1,80,28.3388990000003
0.06,1.25362600000517,0,40,134.089770000006
0.24,1.44976099999622,0,10,173.882864999992
0.12,2.07534800001304,0,80,34.7303040000115
0.06,0.994001999992179,0,80,522.628120999987
0.06,1.49321500000951,1,80,159.762251000007
0.06,1.08995900000082,1,80,596.969171000001
0.06,1.70752200000061,1,40,120.085172000001
0.06,2.56687600001169,0,10,431.581499000007
0.06,1.61809400000129,0,80,613.097281999999
0.12,1.64212299999781,0,40,247.633717999997
0.06,1.45090400001209,1,40,203.617794000005
0.12,1.98265100000026,0,20,255.418626000001
0.06,2.1482419999993,0,40,329.42923
0.06,1.88076400000136,1,80,215.746964000002
0.06,1.30483399999503,1,40,316.466780000002
0.06,2.20466800000031,1,40,90.4131440000001
0.06,0.986951000000772,0,20,427.886288
0.06,1.96864400000231,1,40,62.149182000001
0.24,1.67414800000006,1,20,506.530597000001
0.06,1.82698800000071,1,40,215.673833000008
0.06,1.40056900000127,1,10,581.721612000001
0.24,1.34504000000015,0,80,418.111121
0.06,1.10280199999943,0,40,270.877146999999
0.06,1.49592400000256,0,80,334.674347000007
0.06,1.54497800000536,0,40,256.081894000003
0.12,1.15836800000397,1,40,321.681907000006
0.24,1.13448599999538,0,10,79.6989389999944
0.24,1.86309900000015,0,80,248.791133999999
0.12,2.01059299999906,0,40,31.9935580000019
0.12,1.57070500000191,1,20,94.3742720000009
0.06,1.2184529999995,1,20,540.574323999999
0.06,2.51928199999929,0,20,352.83023
0.24,1.25117200000204,0,20,413.498512000002
0.06,1.91552299999967,0,80,156.713285999998
0.06,1.30567500001052,1,10,20.1227800000052
0.12,2.93923600000016,0,80,42.3139169999995
0.06,0.964430000007269,0,40,33.0829340000055
0.06,1.35459900000205,0,80,467.921285
0.06,1.64891499999976,0,20,94.7226060000012
0.24,0.744107999984408,1,10,413.114708999987
0.12,1.61734400001296,0,40,38.9468410000118
0.06,2.25009400000272,0,80,90.0251260000005
0.24,1.72552600000017,0,20,159.038213
0.06,0.697588000000906,1,80,612.159086
0.12,1.22228300000097,0,80,456.803026000001
0.12,0.948489000000336,0,80,482.662994
0.06,1.49068500000067,1,80,169.977056
0.06,1.14678000001004,0,80,440.651989000005
0.06,1.32915499999945,1,80,337.522268000001
0.12,2.71193400000629,1,80,298.63427200001
0.12,2.16629099999955,0,20,196.006205
0.12,1.00196399999913,0,80,333.673215999999
0.06,1.24745300000359,1,40,296.953680999999
0.06,1.76934599999913,1,20,26.3501799999995
0.06,1.80994699999974,0,80,131.570809000001
0.06,1.66290799999842,1,20,292.446759999992
0.12,1.20274400000926,0,10,347.54692600001
0.12,0.937174000000596,1,80,16.3430719999997
0.12,1.62157500000103,0,80,127.847030000001
0.12,2.25120300002163,0,80,410.580090000003
0.12,1.64984999998705,0,10,64.890699999989
0.06,1.55417400000442,1,40,114.873807000011
0.12,1.51548100000036,1,10,288.689385000001
0.06,1.56866399999126,1,10,61.714799999987
0.06,0.986531000031391,0,20,492.774693000014
0.24,1.10822300000109,1,80,364.826812000001
0.06,0.999745000000985,1,20,14.362551000002
0.12,1.50682199999574,1,40,585.386849000002
0.12,1.95600600002217,0,80,256.099901000009
0.12,1.67159700000047,0,80,589.146065999999
0.24,1.56050700000196,1,10,367.493503000005
0.12,1.3388300000006,1,80,318.006974
0.06,1.92870100000073,0,40,77.6691119999996
0.06,1.96109199999773,1,40,363.753666000004
0.12,1.4790150000008,1,80,514.451004
0.06,1.39251300000069,0,80,374.475085
0.24,1.64975400001276,1,10,618.538908999995
0.06,2.250191000001,1,40,97.413093000001
0.06,1.6886119999981,1,80,414.921256999998
0.06,2.73885700000028,0,20,360.88624
0.06,3.27343800000017,1,80,424.441792
0.24,2.46872000000076,1,10,181.713677000002
0.12,1.16136600001482,0,80,675.972227999999
0.12,2.19964400000026,1,80,445.161314000001
0.12,1.33598800000618,1,80,108.882279000012
0.06,1.99371100000099,1,80,520.153953000001
0.06,2.72059799999988,1,40,185.229248
0.12,0.961716000001616,1,20,528.478075000001
0.06,1.72851099999934,1,40,143.421116
0.06,0.807960000000094,1,80,294.894864
0.12,2.2060900000015,1,80,424.343025
0.12,1.39329399999951,0,20,68.8504740000008
0.06,2.07621400000062,1,80,499.522242000006
0.06,1.73276400001487,1,10,96.7388470000005
0.24,1.21118999999817,0,80,516.889159999999
0.12,1.62278800000786,1,20,376.062777999992
0.06,1.94574900000589,1,20,59.4704609999899
0.06,0.905977000016719,0,10,464.378729999997
0.12,0.814043000000311,1,20,328.414051
0.06,1.09761999998591,1,80,243.25219899998
0.06,1.45354299999963,1,80,590.783079999999
0.06,1.01787100000365,0,80,614.634298000004
0.06,2.93620399999963,1,80,391.311143999999
0.06,1.18377599999985,0,10,68.4973590000009
0.06,0.879630000001271,0,20,274.578537000001
0.12,1.2069190000002,1,80,251.519101
0.12,0.709803000005195,0,40,159.281712000011
0.06,1.90552500000922,1,40,92.8030050000089
0.24,1.32761800000117,1,80,551.135117
0.06,2.22762400000101,0,40,364.741195000001
0.12,0.843490999999631,0,80,331.153163999999
0.12,2.04095699999925,1,40,74.2291619999996
0.12,0.887688000000708,1,10,190.769497000001
0.24,1.96932800000104,0,10,133.033603000002
0.12,1.44006100000115,0,20,301.078623000009
0.06,0.853197999997064,1,10,349.922714999993
0.12,1.78515200000038,0,80,570.857244999999
0.12,1.23596499999985,0,80,596.615008999999
0.06,2.93100500000219,1,20,490.906659000002
0.24,0.980047000004561,0,80,390.122256000002
0.06,0.921465000006719,1,40,339.553808000011
0.06,1.74413199999981,1,10,519.86541
0.06,1.26711000000068,1,40,111.801592000003
0.06,1.01215400000183,1,80,11.2070970000004
0.06,2.39320399999997,0,80,254.713199999998
0.12,0.874981000015396,1,10,50.7411830000055
0.06,2.14538200000243,0,80,653.786384999999
0.24,1.43819500002428,0,80,469.803904
0.06,1.35549499999979,0,20,472.930738000001
0.06,2.01067600000533,1,10,562.429432999998
0.12,0.996433000007528,1,80,5.33007500000531
0.06,1.15186700000777,0,20,50.4705850000028
0.12,1.6435900000215,0,80,667.380119000009
0.06,1.52192100000684,0,10,530.122736999998
0.24,1.32894700000179,0,80,115.455142000001
0.06,1.33695000002626,0,20,56.0066410000145
0.12,1.3328870000114,0,10,236.101427000001
0.06,1.10560400000213,0,20,365.802576000002
0.12,2.21654600000329,0,80,39.2091150000015
0.24,0.964354000025196,0,20,439.134782000008
0.06,1.61702200000582,1,40,74.8256580000016
0.06,1.91005900000164,1,40,154.771034999998
0.24,1.05095800000709,0,40,579.21082600001
0.06,2.91528800000196,0,80,205.434021000001
0.12,1.09799700000076,1,80,661.615102
0.12,1.01806200000101,1,20,514.678253
0.12,1.36782800000037,1,20,83.5944820000004
0.06,1.09986799999933,1,20,211.898649000001
0.06,1.45666800000072,1,40,559.805174000001
0.06,1.67062000000078,1,80,418.105304000001
0.12,1.50120200000129,0,20,222.746625000002
0.06,2.2085019999995,1,80,237.178021
0.12,1.90939800000342,1,40,516.24974900001
0.12,1.38951500000076,0,80,377.387048000001
0.12,1.19218400000136,0,20,340.422236
0.12,1.20911700000033,0,80,341.247142
0.12,1.33936100000028,0,10,461.393583000001
0.06,1.82812099999865,1,10,123.341191
0.06,1.50274900000659,1,20,384.078772000008
0.06,1.20169900002657,0,80,227.243896
0.12,1.28191499999957,0,10,105.20521
0.06,1.27388900000369,1,20,23.8387320000038
0.06,1.65759199999957,1,20,563.970687000001
0.24,1.8821420000022,0,10,409.613343999998
0.06,3.20907599999919,0,80,650.681133999999
0.06,1.32241700000122,0,20,132.770544000001
0.06,1.49139599999944,1,80,275.505736999999
0.06,3.13046600000234,1,80,466.844171999983
0.24,1.65406500000063,1,20,14.9742740000002
0.06,1.35362900001928,1,10,7.32288500000141
0.24,0.671367000002647,0,10,634.813429999995
0.06,2.20827600000121,0,80,271.967086000001
0.06,1.34230800000296,1,80,427.473224000001
0.24,1.71482700000342,0,10,443.637348999997
0.24,2.1718860000019,0,80,444.675002000002
0.12,1.78586399999949,1,40,103.813147999999
0.12,3.36119199998211,1,80,504.780081999983
0.06,1.68424499998218,1,20,220.062486999988
0.12,0.842180000001463,1,10,70.8575050000018
0.24,1.62862100001075,1,10,565.581367000006
0.12,1.39354099999764,1,80,184.100234999991
0.12,1.77438899999834,0,20,358.574737999996
0.12,1.3898130000016,0,80,204.662892
0.12,1.67594600000302,0,80,456.705276000001
0.12,2.10397499999999,1,40,254.397174
0.24,1.11526700000104,0,10,260.641525000001
0.12,1.74433900002623,0,20,466.75864700001
0.06,1.11290499999996,1,10,540.497653
0.24,0.896899999992456,0,10,399.693459999995
0.06,1.62339399999837,1,80,209.625090999998
0.24,2.3211169999995,0,80,596.930045999999
0.06,3.20773100000224,0,10,554.978739999991
0.12,1.5334070000099,1,80,178.539887999999
0.24,1.04878500000086,0,20,304.346574000001
0.06,1.35552200000166,0,10,668.001538
0.12,1.86496699999952,1,20,395.690596
0.12,1.99388300001738,1,20,62.9826380000159
0.06,2.24790800001938,1,10,87.4109089999984
0.06,1.48129800000061,1,80,78.5700529999995
0.06,1.25045000000136,0,80,493.098862000001
0.24,1.75241000000096,0,80,86.2981690000015
0.24,2.08113299999968,1,20,68.4700489999996
0.24,1.08220300000175,0,40,513.021145000001
0.06,1.36352400001488,0,80,149.339909000002
0.06,1.67453699999896,1,10,437.557405
0.06,0.748823000001721,1,40,235.529741000006
0.06,1.58520099999441,1,10,259.773465999999
0.24,1.50160200000391,0,40,586.929768000002
0.06,0.991974999982631,0,20,222.57465699999
0.12,0.97920200000226,0,40,578.001877000002
0.12,1.34486000000106,1,20,263.906653000002
0.06,0.963051999991876,1,80,199.882222
0.06,1.51305100000172,0,80,511.058309
0.06,2.354846000002,1,80,330.172106999991
0.24,0.865435999992769,0,10,477.994724999997
0.12,1.32534200002556,0,10,427.202721000009
0.12,1.24207100000058,1,20,509.182075000001
0.06,1.1678179999999,1,20,36.4745930000008
0.06,0.754975000018021,0,80,625.362444000013
0.24,2.78428500000155,0,80,648.706054
0.12,1.03719200000342,0,40,461.809714000003
0.12,0.933566000006977,1,40,423.441717000009
0.06,1.19348200000059,0,80,121.519120999999
0.24,1.43398800000432,1,80,426.484152999998
0.24,1.16277300001821,0,20,38.1827340000018
0.06,1.17073400001391,1,20,568.718798000016
0.12,2.45108300000174,0,40,519.613193000001
0.12,1.33776400002535,1,20,486.886762000009
0.24,1.36303500000031,0,80,82.7468430000008
0.12,1.39436600000772,0,80,467.514152000003
0.06,1.41229400000884,1,10,594.242716000008
0.06,2.75357900000017,0,80,236.874970000001
0.06,1.01031800000055,1,80,622.295032
0.24,0.974003999999695,0,20,550.662257
0.06,1.27450400000089,0,40,25.217822000006
0.06,1.13052600000083,0,20,91.5625080000009
0.06,1.62139399999978,1,80,106.743111
0.12,1.94730900001014,1,40,374.281696000005
0.06,2.26453799999945,0,80,600.706018999999
0.24,1.4257800000014,1,10,360.625543000002
0.06,1.85528300000078,1,20,284.622336
0.06,0.913378000001103,1,20,586.310244
0.06,1.85220600001048,0,20,88.6466599999985
0.06,1.2888690000018,0,80,125.857980000001
0.06,1.42919600000096,0,80,15.8579690000006
0.12,1.70675800001482,1,40,105.122733000011
0.06,1.25476800001343,0,10,447.746726000012
0.06,0.849637999999686,1,80,512.302997999999
0.12,1.75535700000182,0,80,432.346350000007
0.12,1.50002599999971,1,80,545.339077000001
0.06,0.723445000010543,1,10,456.781531000001
0.06,1.19143099999928,1,40,189.731016000005
0.24,1.23334299999988,0,10,511.329577
0.06,1.55860400000529,1,40,98.8749559999997
0.12,0.935635000030743,0,80,63.9081350000051
0.24,0.718171000000439,0,40,302.633600000001
0.06,1.99232800000027,0,40,178.517234999999
0.06,1.54970600000161,1,80,312.577762000001
0.06,2.05592200000319,1,80,93.593248000001
0.06,1.12801600000239,1,20,361.222554000007
0.06,1.61548700000276,0,80,459.090217000004
0.12,1.48896800000148,0,20,445.506577000002
0.24,1.82944699999643,1,80,203.234341000003
0.06,1.32304099999965,1,80,514.049806999999
0.12,1.64961200000835,1,10,15.7971810000017
0.06,1.85379000000103,1,80,453.841794
0.06,1.47353500001191,0,10,275.045326000007
0.06,2.18513800000073,1,10,587.929568000001
0.12,0.984955000001719,0,10,157.625462000002
0.12,1.00425600000017,1,20,192.370554000001
0.06,1.1190260000003,1,80,181.180197999987
0.06,1.69428600001265,1,20,148.974725000007
0.12,0.564553000003798,1,10,466.605519999997
0.06,1.72239199999967,1,20,257.286219
0.06,1.06520400000045,0,80,349.319104
0.06,1.58292800000345,0,40,564.618824999998
0.06,1.06875199999922,0,80,432.873224999999
0.12,1.13978899999347,1,40,573.978829
0.06,1.07303699999466,1,40,462.922818999999
0.12,1.62367000000086,0,20,579.106454000001
0.12,1.54607900000155,0,20,408.270065000001
0.12,2.03218100000049,1,10,639.049405000002
0.06,2.0565110000025,1,20,566.030743999989
0.06,1.88023200000134,1,10,172.289610000002
0.12,1.17750900000101,0,80,59.5310120000013
0.06,1.87891800000216,0,40,404.290814000007
0.06,1.55481899999904,0,20,483.62664
0.06,2.5741420000013,1,80,448.771029000001
0.06,1.22509100000025,1,80,20.922310000009
0.06,1.44541900000149,1,20,589.278102
0.12,0.878459999999905,0,80,511.553236
0.06,1.3909560000011,0,20,567.950277
0.06,1.43560000001162,0,40,334.417733000009
0.06,1.98061200001393,1,10,202.837318000005
0.06,1.36664000002202,1,80,531.436182000005
0.24,1.96224600000096,0,80,471.499008000001
0.12,1.65493400000196,0,80,201.001770000001
0.24,0.921572000001106,0,80,440.979000000001
0.06,1.09659000000102,0,20,242.814199
0.06,0.665372000003117,1,80,189.32226700001
0.24,1.4562530000112,0,20,211.518666999997
0.12,0.761548000002222,1,10,428.945372000002
0.06,1.07938400001149,0,80,413.08230200001
0.06,1.97133300000132,0,80,56.5057020000004
0.06,1.19303900000159,1,20,6.37060300000121
0.06,1.80155399999967,0,80,86.0790589999997
0.12,1.48987000000488,1,40,101.891013
0.12,1.24099799999385,0,80,664.212204999989
0.06,1.97346100000141,1,80,135.097917000001
0.06,2.23147800000152,1,80,41.8440209999972
0.06,1.9395540000005,0,80,413.521790000001
0.06,1.40247500000078,1,40,58.6612000000005
0.24,1.08249699999578,0,10,246.050822999998
0.06,1.67204300000049,0,80,723.122007
0.06,1.2679560000106,1,40,573.089592000004
0.06,1.98749600000156,1,80,442.462884
0.06,1.52709499999764,1,40,22.425642000002
0.06,1.48747100000037,1,80,655.626823000001
0.06,1.88695500000176,1,20,307.746388000001
0.24,2.6008520000014,1,10,494.865650000002
0.12,1.48242400000163,1,40,126.810765000002
0.06,1.81088600000658,1,10,199.333408999999
0.12,1.75434300000779,1,80,286.426107000007
0.12,2.28956799999287,0,40,507.425824999998
0.24,1.6776600000012,1,10,382.841524000001
0.12,2.15346599999975,0,80,103.977994999999
0.06,1.66509300000325,0,80,579.962174
0.24,1.25189099999989,0,80,503.481340999999
0.06,1.63402300002053,1,20,170.96656500001
0.12,1.39803099998971,1,20,544.238559999998
0.24,2.64479000000028,0,20,207.286125000001
0.06,2.57870899999944,1,80,450.474009
0.24,1.83893000001262,1,10,617.053515000007
0.12,1.2313509999949,1,20,165.422752999992
0.06,1.28418599999895,1,20,79.8621989999992
0.24,0.93550200000027,1,10,463.841554000001
0.06,1.71791300000041,1,40,157.109098999999
0.24,1.53602600000158,0,80,64.7859590000007
0.12,2.09725500000059,0,20,501.222311
0.06,2.12260800000149,0,80,241.823091
0.06,1.73642200001632,1,80,372.340152999997
